key,scientificName,canonicalName,rank,taxonomicStatus,kingdom,phylum,class,order,family,genus,species,numDescendants,oldSpeciesCanonicalName,oldSpeciesScientificName,oldSpeciesKey,oldSpeciesTaxonomicStatus,oldSpeciesNomenclaturalStatus,oldSpeciesAuthorship,oldSpeciesPublishedIn
6970285,"Archaeophylax worthyi Leschen & Rhode, 2003",Archaeophylax worthyi,SPECIES,ACCEPTED,Animalia,Arthropoda,Insecta,Coleoptera,Ulodidae,Archaeophylax,Archaeophylax worthyi,0,Waitomophylax worthyi,"Waitomophylax worthyi (Leschen & Rhode, 2002)",6970284,SYNONYM,,"(Leschen & Rhode, 2002) ",
4458616,"Mycterus curculioides (Fabricius, 1781)",Mycterus curculioides,SPECIES,ACCEPTED,Animalia,Arthropoda,Insecta,Coleoptera,Mycteridae,Mycterus,Mycterus curculioides,1,Mycterus curculionides,Mycterus curculionides,8254007,SYNONYM,,,
4458616,"Mycterus curculioides (Fabricius, 1781)",Mycterus curculioides,SPECIES,ACCEPTED,Animalia,Arthropoda,Insecta,Coleoptera,Mycteridae,Mycterus,Mycterus curculioides,1,Mycterus curculionoides,"Mycterus curculionoides (F., 1781)",11283422,SYNONYM,,"(F., 1781) ",
1045070,"Mycterus quadricollis Horn, 1874",Mycterus quadricollis,SPECIES,ACCEPTED,Animalia,Arthropoda,Insecta,Coleoptera,Mycteridae,Mycterus,Mycterus quadricollis,0,Mycterus depressus,"Mycterus depressus Champion, 1889",1045071,SYNONYM,,"Champion, 1889",
9414997,"Megatoma atypica (Deng et al., 2017)",Megatoma atypica,SPECIES,ACCEPTED,Animalia,Arthropoda,Insecta,Coleoptera,Dermestidae,Cretomegatoma,Megatoma atypica,0,Cretomegatoma atypica,"Cretomegatoma atypica (Deng et al., 2017)",12168051,SYNONYM,,"(Deng et al., 2017) ",
1095973,"Trogoderma glabrum (Herbst, 1783)",Trogoderma glabrum,SPECIES,ACCEPTED,Animalia,Arthropoda,Insecta,Coleoptera,Dermestidae,Trogoderma,Trogoderma glabrum,1,Anthrenus niger,"Anthrenus niger Herbst, 1797",7902219,SYNONYM,,"Herbst, 1797",
1095973,"Trogoderma glabrum (Herbst, 1783)",Trogoderma glabrum,SPECIES,ACCEPTED,Animalia,Arthropoda,Insecta,Coleoptera,Dermestidae,Trogoderma,Trogoderma glabrum,1,Trogoderma fuscicornis,"Trogoderma fuscicornis Mulsant & Rey, 1868",6966884,SYNONYM,,"Mulsant & Rey, 1868",
1095973,"Trogoderma glabrum (Herbst, 1783)",Trogoderma glabrum,SPECIES,ACCEPTED,Animalia,Arthropoda,Insecta,Coleoptera,Dermestidae,Trogoderma,Trogoderma glabrum,1,Trogoderma niger,"Trogoderma niger (Herbst, 1797)",4740167,SYNONYM,,"(Herbst, 1797) ",
1095973,"Trogoderma glabrum (Herbst, 1783)",Trogoderma glabrum,SPECIES,ACCEPTED,Animalia,Arthropoda,Insecta,Coleoptera,Dermestidae,Trogoderma,Trogoderma glabrum,1,Trogoderma nigrum,"Trogoderma nigrum (Herbst, 1797)",6966883,SYNONYM,,"(Herbst, 1797) ",
1095972,"Trogoderma grassmani Beal, 1954",Trogoderma grassmani,SPECIES,ACCEPTED,Animalia,Arthropoda,Insecta,Coleoptera,Dermestidae,Trogoderma,Trogoderma grassmani,0,Trogoderma grassmani,"Trogoderma grassmani Everts, 1899",8295418,SYNONYM,,"Everts, 1899",
4427351,"Trogoderma megatomoides Reitter, 1881",Trogoderma megatomoides,SPECIES,ACCEPTED,Animalia,Arthropoda,Insecta,Coleoptera,Dermestidae,Trogoderma,Trogoderma megatomoides,0,Entomotrogus megatomoides,"Entomotrogus megatomoides (Reitter, 1881)",9451075,SYNONYM,,"(Reitter, 1881) ",
4427406,"Ctesias serra (Fabricius, 1792)",Ctesias serra,SPECIES,ACCEPTED,Animalia,Arthropoda,Insecta,Coleoptera,Dermestidae,Ctesias,Ctesias serra,1,Tiresias serra,Tiresias serra (F.),6966655,SYNONYM,,(F.) ,
4427489,"Sefrania bleusei Pic, 1899",Sefrania bleusei,SPECIES,ACCEPTED,Animalia,Arthropoda,Insecta,Coleoptera,Dermestidae,Sefrania,Sefrania bleusei,1,Fohrer bleusei,"Fohrer bleusei Pic, 1899",9267567,SYNONYM,,"Pic, 1899",
6966757,"Phradonoma tricolor (Arrow, 1915)",Phradonoma tricolor,SPECIES,ACCEPTED,Animalia,Arthropoda,Insecta,Coleoptera,Dermestidae,Phradonoma,Phradonoma tricolor,0,Trogoderma tricolor,"Trogoderma tricolor Arrow, 1915",6966758,SYNONYM,,"Arrow, 1915",
1095928,"Labrocerus concolor Sharp, 1885",Labrocerus concolor,SPECIES,ACCEPTED,Animalia,Arthropoda,Insecta,Coleoptera,Dermestidae,Labrocerus,Labrocerus concolor,0,Labrocerus simplex,"Labrocerus simplex Sharp, 1908",1095929,SYNONYM,,"Sharp, 1908",
1095926,"Labrocerus depressus (Sharp, 1908)",Labrocerus depressus,SPECIES,ACCEPTED,Animalia,Arthropoda,Insecta,Coleoptera,Dermestidae,Labrocerus,Labrocerus depressus,0,Eocerus depressus,"Eocerus depressus Sharp, 1908",4998221,SYNONYM,,"Sharp, 1908",
1095915,"Labrocerus setosus Sharp, 1908",Labrocerus setosus,SPECIES,ACCEPTED,Animalia,Arthropoda,Insecta,Coleoptera,Dermestidae,Labrocerus,Labrocerus setosus,0,Labrocerus affinis,"Labrocerus affinis Sharp, 1908",1095917,SYNONYM,,"Sharp, 1908",
1095915,"Labrocerus setosus Sharp, 1908",Labrocerus setosus,SPECIES,ACCEPTED,Animalia,Arthropoda,Insecta,Coleoptera,Dermestidae,Labrocerus,Labrocerus setosus,0,Labrocerus pallipes,"Labrocerus pallipes Sharp, 1908",1095916,SYNONYM,,"Sharp, 1908",
1095920,"Labrocerus similaris (Sharp, 1908)",Labrocerus similaris,SPECIES,ACCEPTED,Animalia,Arthropoda,Insecta,Coleoptera,Dermestidae,Labrocerus,Labrocerus similaris,0,Argocerus similaris,"Argocerus similaris Sharp, 1908",1095921,SYNONYM,,"Sharp, 1908",
1095920,"Labrocerus similaris (Sharp, 1908)",Labrocerus similaris,SPECIES,ACCEPTED,Animalia,Arthropoda,Insecta,Coleoptera,Dermestidae,Labrocerus,Labrocerus similaris,0,Argocerus subguttatus,"Argocerus subguttatus Sharp, 1908",1095922,SYNONYM,,"Sharp, 1908",
1095918,"Labrocerus vestitus Sharp, 1908",Labrocerus vestitus,SPECIES,ACCEPTED,Animalia,Arthropoda,Insecta,Coleoptera,Dermestidae,Labrocerus,Labrocerus vestitus,0,Labrocerus flavicornis,"Labrocerus flavicornis Sharp, 1908",1095919,SYNONYM,,"Sharp, 1908",
6965603,"Attagenus australis (Montrouzier, 1860)",Attagenus australis,SPECIES,ACCEPTED,Animalia,Arthropoda,Insecta,Coleoptera,Dermestidae,Attagenus,Attagenus australis,0,Trinodes australis,"Trinodes australis Montrouzier, 1860",6965604,SYNONYM,,"Montrouzier, 1860",
1095954,"Attagenus brunneus Faldermann, 1835",Attagenus brunneus,SPECIES,ACCEPTED,Animalia,Arthropoda,Insecta,Coleoptera,Dermestidae,Attagenus,Attagenus brunneus,1,Attagenus elongatulus,"Attagenus elongatulus Casey, 1900",4739970,SYNONYM,,"Casey, 1900",
1095954,"Attagenus brunneus Faldermann, 1835",Attagenus brunneus,SPECIES,ACCEPTED,Animalia,Arthropoda,Insecta,Coleoptera,Dermestidae,Attagenus,Attagenus brunneus,1,Attagenus elongatus,"Attagenus elongatus Casey, 1900",4739972,SYNONYM,,"Casey, 1900",
1095954,"Attagenus brunneus Faldermann, 1835",Attagenus brunneus,SPECIES,ACCEPTED,Animalia,Arthropoda,Insecta,Coleoptera,Dermestidae,Attagenus,Attagenus brunneus,1,Attagenus marginicollis,"Attagenus marginicollis Küster, 1847",4739969,SYNONYM,,"Küster, 1847",
1095950,"Attagenus fasciatus (Thunberg, 1795)",Attagenus fasciatus,SPECIES,ACCEPTED,Animalia,Arthropoda,Insecta,Coleoptera,Dermestidae,Attagenus,Attagenus fasciatus,1,Attagenus anulifer,"Attagenus anulifer Laporte de Castelnau, 1840",4739960,SYNONYM,,"Laporte de Castelnau, 1840",
1095950,"Attagenus fasciatus (Thunberg, 1795)",Attagenus fasciatus,SPECIES,ACCEPTED,Animalia,Arthropoda,Insecta,Coleoptera,Dermestidae,Attagenus,Attagenus fasciatus,1,Attagenus gloriosae,"Attagenus gloriosae (Fabricius, 1798)",8676513,SYNONYM,,"(Fabricius, 1798) ",
1095950,"Attagenus fasciatus (Thunberg, 1795)",Attagenus fasciatus,SPECIES,ACCEPTED,Animalia,Arthropoda,Insecta,Coleoptera,Dermestidae,Attagenus,Attagenus fasciatus,1,Attagenus gloriosus,"Attagenus gloriosus (Fabricius, 1798)",9507693,SYNONYM,,"(Fabricius, 1798) ",
4427437,"Attagenus quadrimaculatus Kraatz, 1858",Attagenus quadrimaculatus,SPECIES,ACCEPTED,Animalia,Arthropoda,Insecta,Coleoptera,Dermestidae,Attagenus,Attagenus quadrimaculatus,0,Attagenus 4-maculatus,"Attagenus 4-maculatus Kraatz, 1858",11933811,SYNONYM,,"Kraatz, 1858",
4427468,"Attagenus trifasciatus (Fabricius, 1787)",Attagenus trifasciatus,SPECIES,ACCEPTED,Animalia,Arthropoda,Insecta,Coleoptera,Dermestidae,Attagenus,Attagenus trifasciatus,1,Attagenus 3-fasciatus,"Attagenus 3-fasciatus (F., 1787)",11339151,SYNONYM,,"(F., 1787) ",
1095948,"Attagenus undulatus (Motschulsky, 1858)",Attagenus undulatus,SPECIES,ACCEPTED,Animalia,Arthropoda,Insecta,Coleoptera,Dermestidae,Attagenus,Attagenus undulatus,0,Aethriostoma undulata,"Aethriostoma undulata Motschulsky, 1858",7490479,SYNONYM,,"Motschulsky, 1858",
1095958,"Attagenus unicolor (Brahm, 1790)",Attagenus unicolor,SPECIES,ACCEPTED,Animalia,Arthropoda,Insecta,Coleoptera,Dermestidae,Attagenus,Attagenus unicolor,6,Attagenus megatoma,"Attagenus megatoma (Fabricius, 1798)",1095960,SYNONYM,,"(Fabricius, 1798) ",
1095958,"Attagenus unicolor (Brahm, 1790)",Attagenus unicolor,SPECIES,ACCEPTED,Animalia,Arthropoda,Insecta,Coleoptera,Dermestidae,Attagenus,Attagenus unicolor,6,Attagenus piceus,"Attagenus piceus (Olivier, 1790)",4739974,SYNONYM,,"(Olivier, 1790) ",
6966026,"Thaumaglossa anthrenoides (Pic, 1918)",Thaumaglossa anthrenoides,SPECIES,ACCEPTED,Animalia,Arthropoda,Insecta,Coleoptera,Dermestidae,Thaumaglossa,Thaumaglossa anthrenoides,0,Pseudothaumaglossa anthrenoides,"Pseudothaumaglossa anthrenoides Pic, 1918",6966027,SYNONYM,,"Pic, 1918",
1095834,"Orphinus fulvipes (Guérin-Méneville, 1836)",Orphinus fulvipes,SPECIES,ACCEPTED,Animalia,Arthropoda,Insecta,Coleoptera,Dermestidae,Orphinus,Orphinus fulvipes,0,Cryptorhopalum brevicorne,"Cryptorhopalum brevicorne Blackburn & Sharp, 1885",4740000,SYNONYM,,"Blackburn & Sharp, 1885","Blackburn, Thomas & David Sharp. 1885. Memoirs on the Coleoptera of the Hawaiian Islands. The Scientific Transactions of the Royal Dublin Society, Series 2 3(6): 119-300."
1095834,"Orphinus fulvipes (Guérin-Méneville, 1836)",Orphinus fulvipes,SPECIES,ACCEPTED,Animalia,Arthropoda,Insecta,Coleoptera,Dermestidae,Orphinus,Orphinus fulvipes,0,Orphinus brevicorne,"Orphinus brevicorne (Sharp, 1885)",11299438,SYNONYM,,"(Sharp, 1885) ",
1095834,"Orphinus fulvipes (Guérin-Méneville, 1836)",Orphinus fulvipes,SPECIES,ACCEPTED,Animalia,Arthropoda,Insecta,Coleoptera,Dermestidae,Orphinus,Orphinus fulvipes,0,Orphinus brevicornis,"Orphinus brevicornis (Sharp, 1885)",11322123,SYNONYM,,"(Sharp, 1885) ",
1095834,"Orphinus fulvipes (Guérin-Méneville, 1836)",Orphinus fulvipes,SPECIES,ACCEPTED,Animalia,Arthropoda,Insecta,Coleoptera,Dermestidae,Orphinus,Orphinus fulvipes,0,Trogoderma fulvipes,"Trogoderma fulvipes (Guérin-Méneville, 1838)",6965792,SYNONYM,,"(Guérin-Méneville, 1838) ",
1095910,"Thorictodes heydeni Reitter, 1875",Thorictodes heydeni,SPECIES,ACCEPTED,Animalia,Arthropoda,Insecta,Coleoptera,Dermestidae,Thorictodes,Thorictodes heydeni,0,Thaumaphrastus heydeni,"Thaumaphrastus heydeni Reitter, 1875",9455947,SYNONYM,,"Reitter, 1875",
1095910,"Thorictodes heydeni Reitter, 1875",Thorictodes heydeni,SPECIES,ACCEPTED,Animalia,Arthropoda,Insecta,Coleoptera,Dermestidae,Thorictodes,Thorictodes heydeni,0,Thorictodes karanisensis,"Thorictodes karanisensis (Blaisdell, 1927)",11231652,SYNONYM,,"(Blaisdell, 1927) ",
12225501,"Megatoma alpina (Pic, 1912)",Megatoma alpina,SPECIES,ACCEPTED,Animalia,Arthropoda,Insecta,Coleoptera,Dermestidae,Megatoma,Megatoma alpina,0,Globicornis alpina,"Globicornis alpina Pic, 1912",4427338,SYNONYM,,"Pic, 1912",
4428152,"Heterocerus crinitus Kiesenwetter, 1850",Heterocerus crinitus,SPECIES,ACCEPTED,Animalia,Arthropoda,Insecta,Coleoptera,Heteroceridae,Heterocerus,Heterocerus crinitus,1,Augyles crinitus,"Augyles crinitus (Kiesenwetter, 1850)",4428151,SYNONYM,,"(Kiesenwetter, 1850) ",
4428122,"Heterocerus fenestratus (Thunberg, 1784)",Heterocerus fenestratus,SPECIES,ACCEPTED,Animalia,Arthropoda,Insecta,Coleoptera,Heteroceridae,Heterocerus,Heterocerus fenestratus,4,Heterocerus pulchellus,"Heterocerus pulchellus Kiesenwetter, 1843",11302369,SYNONYM,,"Kiesenwetter, 1843",
4718637,"Heterocerus flindersi Blackburn, 1888",Heterocerus flindersi,SPECIES,ACCEPTED,Animalia,Arthropoda,Insecta,Coleoptera,Heteroceridae,Heterocerus,Heterocerus flindersi,0,Heterocerus caledoniae,"Heterocerus caledoniae Grouvelle, 1903",4718638,SYNONYM,,"Grouvelle, 1903",
4428132,"Heterocerus maritimus Guerin-Meneville, 1844",Heterocerus maritimus,SPECIES,ACCEPTED,Animalia,Arthropoda,Insecta,Coleoptera,Heteroceridae,Heterocerus,Heterocerus maritimus,1,Augyles britannicus,"Augyles britannicus (Kuwert, 1890)",11363809,SYNONYM,,"(Kuwert, 1890) ",
4428132,"Heterocerus maritimus Guerin-Meneville, 1844",Heterocerus maritimus,SPECIES,ACCEPTED,Animalia,Arthropoda,Insecta,Coleoptera,Heteroceridae,Heterocerus,Heterocerus maritimus,1,Heterocerus basalis,"Heterocerus basalis Mamitza, 1929",4428157,SYNONYM,,"Mamitza, 1929",
4428132,"Heterocerus maritimus Guerin-Meneville, 1844",Heterocerus maritimus,SPECIES,ACCEPTED,Animalia,Arthropoda,Insecta,Coleoptera,Heteroceridae,Heterocerus,Heterocerus maritimus,1,Heterocerus britannicus,"Heterocerus britannicus Kuwert, 1890",4428158,SYNONYM,,"Kuwert, 1890",
4428132,"Heterocerus maritimus Guerin-Meneville, 1844",Heterocerus maritimus,SPECIES,ACCEPTED,Animalia,Arthropoda,Insecta,Coleoptera,Heteroceridae,Heterocerus,Heterocerus maritimus,1,Heterocerus burchanensis,"Heterocerus burchanensis Schneider, 1896",4428156,SYNONYM,,"Schneider, 1896",
4428168,"Augyles aureolus (Schiödte, 1866)",Augyles aureolus,SPECIES,ACCEPTED,Animalia,Arthropoda,Insecta,Coleoptera,Heteroceridae,Augyles,Augyles aureolus,0,Heterocerus aureolus,"Heterocerus aureolus (Schiödte, 1866)",8068182,SYNONYM,,"(Schiödte, 1866) ",
6962539,"Pastillodes areolatus (Normand, 1940)",Pastillodes areolatus,SPECIES,ACCEPTED,Animalia,Arthropoda,Insecta,Coleoptera,Cybocephalidae,Pastillodes,Pastillodes areolatus,0,Cybocephalus areolatus,"Cybocephalus areolatus Normand, 1940",6962540,SYNONYM,,"Normand, 1940",
6962423,"Cybocephalus binotatus Grouvelle, 1908",Cybocephalus binotatus,SPECIES,ACCEPTED,Animalia,Arthropoda,Insecta,Coleoptera,Cybocephalidae,Cybocephalus,Cybocephalus binotatus,0,Cybocephalus aeneonittens,"Cybocephalus aeneonittens Champion, 1923",6962424,SYNONYM,,"Champion, 1923",
6872460,"Cybocephalus membranaceus (Reitter, 1874)",Cybocephalus membranaceus,SPECIES,ACCEPTED,Animalia,Arthropoda,Insecta,Coleoptera,Cybocephalidae,Cybocephalus,Cybocephalus membranaceus,0,Dissia membranaceus,"Dissia membranaceus Reitter, 1874",11393034,SYNONYM,,"Reitter, 1874",
6872479,"Cybocephalus politissimus Reitter, 1898",Cybocephalus politissimus,SPECIES,ACCEPTED,Animalia,Arthropoda,Insecta,Coleoptera,Cybocephalidae,Cybocephalus,Cybocephalus politissimus,2,Cybocephalus flavicapitus,"Cybocephalus flavicapitus Tian & Yu, 1994",6962374,SYNONYM,,"Tian & Yu, 1994",
6872479,"Cybocephalus politissimus Reitter, 1898",Cybocephalus politissimus,SPECIES,ACCEPTED,Animalia,Arthropoda,Insecta,Coleoptera,Cybocephalidae,Cybocephalus,Cybocephalus politissimus,2,Cybocephalus flavocapitis,"Cybocephalus flavocapitis Smith, 2007",5738539,SYNONYM,,"Smith, 2007",
6962360,"Cybocephalus amplus (J.R.Sahlberg, 1908)",Cybocephalus amplus,SPECIES,ACCEPTED,Animalia,Arthropoda,Insecta,Coleoptera,Cybocephalidae,Cybocephalus,Cybocephalus amplus,0,Dissia ampla,"Dissia ampla J.R.Sahlberg, 1908",6962361,SYNONYM,,"J.R.Sahlberg, 1908",
6962410,"Cybocephalus sublucidus (Plavilshchikov, 1935)",Cybocephalus sublucidus,SPECIES,ACCEPTED,Animalia,Arthropoda,Insecta,Coleoptera,Cybocephalidae,Cybocephalus,Cybocephalus sublucidus,0,Brachypterus sublucidus,"Brachypterus sublucidus Plavilshchikov, 1935",6962411,SYNONYM,,"Plavilshchikov, 1935",
11373342,"Pacicephalus gressitti (Endrödy-Younga, 1971)",Pacicephalus gressitti,SPECIES,ACCEPTED,Animalia,Arthropoda,Insecta,Coleoptera,Cybocephalidae,Pacicephalus,Pacicephalus gressitti,0,Cybocephalus gressitti,"Cybocephalus gressitti Endrödy-Younga, 1971",6962572,SYNONYM,,"Endrödy-Younga, 1971",
11374706,"Amedissia argentinus (Brèthes, 1922)",Amedissia argentinus,SPECIES,ACCEPTED,Animalia,Arthropoda,Insecta,Coleoptera,Cybocephalidae,Amedissia,Amedissia argentinus,0,Pycnocephalus argentinus,"Pycnocephalus argentinus Brèthes, 1922",6962552,SYNONYM,,"Brèthes, 1922",
11377248,"Theticephalus aurocupreus (Reitter, 1900)",Theticephalus aurocupreus,SPECIES,ACCEPTED,Animalia,Arthropoda,Insecta,Coleoptera,Cybocephalidae,Theticephalus,Theticephalus aurocupreus,0,Cybocephalus aurocupreus,"Cybocephalus aurocupreus Reitter, 1900",6962436,SYNONYM,,"Reitter, 1900",
11372788,"Theticephalus decamerus (Endrödy-Younga, 1968)",Theticephalus decamerus,SPECIES,ACCEPTED,Animalia,Arthropoda,Insecta,Coleoptera,Cybocephalidae,Theticephalus,Theticephalus decamerus,0,Cybocephalus decamerus,"Cybocephalus decamerus Endrödy-Younga, 1968",6962345,SYNONYM,,"Endrödy-Younga, 1968",
11379488,"Theticephalus mesopotamicus (Endrödy-Younga, 1968)",Theticephalus mesopotamicus,SPECIES,ACCEPTED,Animalia,Arthropoda,Insecta,Coleoptera,Cybocephalidae,Theticephalus,Theticephalus mesopotamicus,0,Cybocephalus mesopatamicus,"Cybocephalus mesopatamicus Endrödy-Younga, 1968",11399559,SYNONYM,,"Endrödy-Younga, 1968",
11379488,"Theticephalus mesopotamicus (Endrödy-Younga, 1968)",Theticephalus mesopotamicus,SPECIES,ACCEPTED,Animalia,Arthropoda,Insecta,Coleoptera,Cybocephalidae,Theticephalus,Theticephalus mesopotamicus,0,Cybocephalus mesopotamicus,"Cybocephalus mesopotamicus Endrödy-Younga, 1968",6962430,SYNONYM,,"Endrödy-Younga, 1968",
11379488,"Theticephalus mesopotamicus (Endrödy-Younga, 1968)",Theticephalus mesopotamicus,SPECIES,ACCEPTED,Animalia,Arthropoda,Insecta,Coleoptera,Cybocephalidae,Theticephalus,Theticephalus mesopotamicus,0,Theticephalus mesopatamicus,"Theticephalus mesopatamicus (Endrödy-Younga, 1968)",11385835,SYNONYM,,"(Endrödy-Younga, 1968) ",
11370700,"Theticephalus nigriceps (J.R.Sahlberg, 1908)",Theticephalus nigriceps,SPECIES,ACCEPTED,Animalia,Arthropoda,Insecta,Coleoptera,Cybocephalidae,Theticephalus,Theticephalus nigriceps,6,Dissia nigriceps,"Dissia nigriceps J.R.Sahlberg, 1908",11379766,SYNONYM,,"J.R.Sahlberg, 1908",
11371894,"Theticephalus salsus (Kirejtshuk, 1988)",Theticephalus salsus,SPECIES,ACCEPTED,Animalia,Arthropoda,Insecta,Coleoptera,Cybocephalidae,Theticephalus,Theticephalus salsus,0,Cybocephalus salsus,"Cybocephalus salsus Kirejtshuk, 1988",6962418,SYNONYM,,"Kirejtshuk, 1988",
9286732,"Cycloderma deplanatum (Heer, 1864)",Cycloderma deplanatum,SPECIES,ACCEPTED,Animalia,Arthropoda,Insecta,Coleoptera,,Critoderma,Cycloderma deplanatum,0,Critoderma deplanatum,"Critoderma deplanatum (Heer, 1864)",8517886,SYNONYM,,"(Heer, 1864) ",
1033864,"Micromalthus debilis LeConte, 1878",Micromalthus debilis,SPECIES,ACCEPTED,Animalia,Arthropoda,Insecta,Coleoptera,Micromalthidae,Micromalthus,Micromalthus debilis,3,Micromalthus anansi,"Micromalthus anansi Perkovsky, 2007",8656336,SYNONYM,,"Perkovsky, 2007",
12232124,"Eurymeloe baudueri (Grenier, 1863)",Eurymeloe baudueri,SPECIES,ACCEPTED,Animalia,Arthropoda,Insecta,Coleoptera,Meloidae,Eurymeloe,Eurymeloe baudueri,0,Meloe baudueri,"Meloe baudueri Grenier, 1863",4457544,SYNONYM,,"Grenier, 1863",
12245575,"Eurymeloe ganglbaueri (Apfelbeck, 1905)",Eurymeloe ganglbaueri,SPECIES,ACCEPTED,Animalia,Arthropoda,Insecta,Coleoptera,Meloidae,Eurymeloe,Eurymeloe ganglbaueri,1,Meloe ganglbaueri,"Meloe ganglbaueri Apfelbeck, 1905",4457552,SYNONYM,,"Apfelbeck, 1905",
12217494,Eurymeloe mediterraneus,Eurymeloe mediterraneus,SPECIES,ACCEPTED,Animalia,Arthropoda,Insecta,Coleoptera,Meloidae,Eurymeloe,Eurymeloe mediterraneus,0,Meloe mediterraneus,Meloe mediterraneus J,9564862,SYNONYM,,J,
12186651,"Eurymeloe murinus (Brandt & Erichson, 1832)",Eurymeloe murinus,SPECIES,ACCEPTED,Animalia,Arthropoda,Insecta,Coleoptera,Meloidae,Eurymeloe,Eurymeloe murinus,0,Meloe murinus,"Meloe murinus Brandt & Erichson, 1832",4457532,SYNONYM,,"Brandt & Erichson, 1832",
12189463,"Eurymeloe scabriusculus (Brandt & Erichson, 1832)",Eurymeloe scabriusculus,SPECIES,ACCEPTED,Animalia,Arthropoda,Insecta,Coleoptera,Meloidae,Eurymeloe,Eurymeloe scabriusculus,0,Meloe scabriusculus,"Meloe scabriusculus Brandt & Erichson, 1832",4457535,SYNONYM,,"Brandt & Erichson, 1832",
9483506,"Palaestra guerini (Montrouzier, 1860)",Palaestra guerini,SPECIES,ACCEPTED,Animalia,Arthropoda,Insecta,Coleoptera,Meloidae,Palaestra,Palaestra guerini,0,Telephorus guerinii,"Telephorus guerinii Montrouzier, 1860",11059249,SYNONYM,,"Montrouzier, 1860",
9483506,"Palaestra guerini (Montrouzier, 1860)",Palaestra guerini,SPECIES,ACCEPTED,Animalia,Arthropoda,Insecta,Coleoptera,Meloidae,Palaestra,Palaestra guerini,0,Zonitis guerini,"Zonitis guerini (Montrouzier, 1860)",6952832,SYNONYM,,"(Montrouzier, 1860) ",
4457414,"Hycleus polymorphus (Pallas, 1771)",Hycleus polymorphus,SPECIES,ACCEPTED,Animalia,Arthropoda,Insecta,Coleoptera,Meloidae,Hycleus,Hycleus polymorphus,1,Mylabris polymorpha,"Mylabris polymorpha (Pallas, 1771)",12127595,SYNONYM,,"(Pallas, 1771) ",
6955536,"Hycleus phaleratus (Pallas, 1781)",Hycleus phaleratus,SPECIES,ACCEPTED,Animalia,Arthropoda,Insecta,Coleoptera,Meloidae,Hycleus,Hycleus phaleratus,1,Meloe phalerata,"Meloe phalerata Pallas, 1781",6955537,SYNONYM,,"Pallas, 1781",
6955536,"Hycleus phaleratus (Pallas, 1781)",Hycleus phaleratus,SPECIES,ACCEPTED,Animalia,Arthropoda,Insecta,Coleoptera,Meloidae,Hycleus,Hycleus phaleratus,1,Mylabris phalerata,"Mylabris phalerata (Pallas, 1781)",5878200,SYNONYM,,"(Pallas, 1781) ",
6955604,"Hycleus brevetarsalis (Kaszab, 1960)",Hycleus brevetarsalis,SPECIES,ACCEPTED,Animalia,Arthropoda,Insecta,Coleoptera,Meloidae,Hycleus,Hycleus brevetarsalis,0,Mylabris brevetarsalis,"Mylabris brevetarsalis Kaszab, 1960",6955605,SYNONYM,,"Kaszab, 1960",
9570153,"Cantharis lithophilus (Wickham, 1914)",Cantharis lithophilus,SPECIES,ACCEPTED,Animalia,Arthropoda,Insecta,Coleoptera,Meloidae,Lytta,Cantharis lithophilus,0,Lytta lithophila,"Lytta lithophila (Wickham, 1914)",8531269,SYNONYM,,"(Wickham, 1914) ",
9557999,"Zonitis chrysomeloides (Linnaeus, 1763)",Zonitis chrysomeloides,SPECIES,ACCEPTED,Animalia,Arthropoda,Insecta,Coleoptera,Meloidae,Zonitis,Zonitis chrysomeloides,0,Cantharis chrysomeloides,"Cantharis chrysomeloides Linnaeus, 1763",11017059,SYNONYM,,"Linnaeus, 1763",
6952168,"Zonitis melanoptera Wellman, 1910",Zonitis melanoptera,SPECIES,ACCEPTED,Animalia,Arthropoda,Insecta,Coleoptera,Meloidae,Zonitis,Zonitis melanoptera,0,Zonitis nigripennis,"Zonitis nigripennis Fauvel, 1905",6952779,SYNONYM,,"Fauvel, 1905",
5751007,"Cerocoma schaefferi (Linnaeus, 1758)",Cerocoma schaefferi,SPECIES,ACCEPTED,Animalia,Arthropoda,Insecta,Coleoptera,Meloidae,Cerocoma,Cerocoma schaefferi,0,Cerocoma viridis,"Cerocoma viridis Geoffroy, 1785",5751008,SYNONYM,,"Geoffroy, 1785",
4457545,"Meloe brevicollis Panzer, 1793",Meloe brevicollis,SPECIES,ACCEPTED,Animalia,Arthropoda,Insecta,Coleoptera,Meloidae,Meloe,Meloe brevicollis,2,Meloe cephalotes,"Meloe cephalotes Curtis, 1829",9496803,SYNONYM,,"Curtis, 1829",
4457545,"Meloe brevicollis Panzer, 1793",Meloe brevicollis,SPECIES,ACCEPTED,Animalia,Arthropoda,Insecta,Coleoptera,Meloidae,Meloe,Meloe brevicollis,2,Meloe laticollis,"Meloe laticollis Baudi, 1878",9378233,SYNONYM,,"Baudi, 1878",
4457545,"Meloe brevicollis Panzer, 1793",Meloe brevicollis,SPECIES,ACCEPTED,Animalia,Arthropoda,Insecta,Coleoptera,Meloidae,Meloe,Meloe brevicollis,2,Meloe puncticollis,"Meloe puncticollis Motschulsky, 1873",9273261,SYNONYM,,"Motschulsky, 1873",
4457545,"Meloe brevicollis Panzer, 1793",Meloe brevicollis,SPECIES,ACCEPTED,Animalia,Arthropoda,Insecta,Coleoptera,Meloidae,Meloe,Meloe brevicollis,2,Meloe splendens,"Meloe splendens Escherich, 1889",9582545,SYNONYM,,"Escherich, 1889",
4457570,"Meloe cicatricosus Leach, 1815",Meloe cicatricosus,SPECIES,ACCEPTED,Animalia,Arthropoda,Insecta,Coleoptera,Meloidae,Meloe,Meloe cicatricosus,1,Meloe cicatricosus,"Meloe cicatricosus Lecch, 1811",11230976,SYNONYM,,"Lecch, 1811",
4457570,"Meloe cicatricosus Leach, 1815",Meloe cicatricosus,SPECIES,ACCEPTED,Animalia,Arthropoda,Insecta,Coleoptera,Meloidae,Meloe,Meloe cicatricosus,1,Meloe punctatoradiatus,"Meloe punctatoradiatus Latreille, 1804",9507700,SYNONYM,,"Latreille, 1804",
4457556,"Meloe rugosus Marsham, 1802",Meloe rugosus,SPECIES,ACCEPTED,Animalia,Arthropoda,Insecta,Coleoptera,Meloidae,Meloe,Meloe rugosus,1,Meloe autumnalis,"Meloe autumnalis Leach, 1815",7998012,SYNONYM,,"Leach, 1815",
4457556,"Meloe rugosus Marsham, 1802",Meloe rugosus,SPECIES,ACCEPTED,Animalia,Arthropoda,Insecta,Coleoptera,Meloidae,Meloe,Meloe rugosus,1,Meloe punctatus,"Meloe punctatus Curtis, 1829",8209495,SYNONYM,,"Curtis, 1829",
4457556,"Meloe rugosus Marsham, 1802",Meloe rugosus,SPECIES,ACCEPTED,Animalia,Arthropoda,Insecta,Coleoptera,Meloidae,Meloe,Meloe rugosus,1,Meloe rugulosus,"Meloe rugulosus Brullé, 1832",4457557,SYNONYM,,"Brullé, 1832",
8585411,"Strongylites stygius Heer, 1864",Strongylites stygius,SPECIES,ACCEPTED,Animalia,Arthropoda,Insecta,Coleoptera,,Strongylites,Strongylites stygius,0,Strongulites stygicus,"Strongulites stygicus Heer, 1864",9554244,SYNONYM,,"Heer, 1864",
1037878,"Trachypachus gibbsii LeConte, 1861",Trachypachus gibbsii,SPECIES,ACCEPTED,Animalia,Arthropoda,Insecta,Coleoptera,Trachypachidae,Trachypachus,Trachypachus gibbsii,1,Trachypachus alticola,"Trachypachus alticola Casey, 1920",7502773,SYNONYM,,"Casey, 1920","Casey, T.L. Random studies among the American Caraboidea. - pp. 133-299, in: CASEY, T.L. [ed.]: Memoirs on the Coleoptera. Volume IX: 529  pp. (Lancaster: New Era Publishing Co.). (1920)."
1037878,"Trachypachus gibbsii LeConte, 1861",Trachypachus gibbsii,SPECIES,ACCEPTED,Animalia,Arthropoda,Insecta,Coleoptera,Trachypachidae,Trachypachus,Trachypachus gibbsii,1,Trachypachus californicus,"Trachypachus californicus Motschulsky, 1864",8331686,SYNONYM,,"Motschulsky, 1864","Motschulsky, V. Enumération des nouvelles espèces de coléoptères rapportés de ses voyages. 4ème article (suite). -. Bulletin de la Société Impériale des Naturalistes de Moscou, 37 (3): 171-240. (Moscow). (1864)."
1037877,"Trachypachus inermis Motschulsky, 1850",Trachypachus inermis,SPECIES,ACCEPTED,Animalia,Arthropoda,Insecta,Coleoptera,Trachypachidae,Trachypachus,Trachypachus inermis,1,Trachypachus holmbergi,"Trachypachus holmbergi Mannerheim, 1853",1037874,SYNONYM,,"Mannerheim, 1853","Mannerheim, C.G. Dritter Nachtrag zur Kaefer-Fauna der nord-amerikanischen Laender des russischen Reiches. Bulletin de la Société Impériale des Naturalistes de Moscou, 26 (3): 95-273. (Moskau). (1853)."
1037877,"Trachypachus inermis Motschulsky, 1850",Trachypachus inermis,SPECIES,ACCEPTED,Animalia,Arthropoda,Insecta,Coleoptera,Trachypachidae,Trachypachus,Trachypachus inermis,1,Trachypachus oregonus,"Trachypachus oregonus Casey, 1920",1037876,SYNONYM,,"Casey, 1920","Casey, T.L. Random studies among the American Caraboidea. - pp. 133-299, in: CASEY, T.L. [ed.]: Memoirs on the Coleoptera. Volume IX: 529  pp. (Lancaster: New Era Publishing Co.). (1920)."
1037877,"Trachypachus inermis Motschulsky, 1850",Trachypachus inermis,SPECIES,ACCEPTED,Animalia,Arthropoda,Insecta,Coleoptera,Trachypachidae,Trachypachus,Trachypachus inermis,1,Trachypachus specularis,"Trachypachus specularis Casey, 1920",1037875,SYNONYM,,"Casey, 1920","Casey, T.L. Random studies among the American Caraboidea. - pp. 133-299, in: CASEY, T.L. [ed.]: Memoirs on the Coleoptera. Volume IX: 529  pp. (Lancaster: New Era Publishing Co.). (1920)."
6969679,"Trachypachus zetterstedtii (Gyllenhal, 1827)",Trachypachus zetterstedtii,SPECIES,ACCEPTED,Animalia,Arthropoda,Insecta,Coleoptera,Trachypachidae,Trachypachus,Trachypachus zetterstedtii,1,Trachypachus laticollis,"Trachypachus laticollis Motschulsky, 1864",7954893,SYNONYM,,"Motschulsky, 1864","Motschulsky, V. Enumération des nouvelles espèces de coléoptères rapportés de ses voyages. 4ème article (suite). -. Bulletin de la Société Impériale des Naturalistes de Moscou, 37 (3): 171-240. (Moscow). (1864)."
6969679,"Trachypachus zetterstedtii (Gyllenhal, 1827)",Trachypachus zetterstedtii,SPECIES,ACCEPTED,Animalia,Arthropoda,Insecta,Coleoptera,Trachypachidae,Trachypachus,Trachypachus zetterstedtii,1,Trachypachus transversicollis,"Trachypachus transversicollis Motschulsky, 1844",7812218,SYNONYM,,"Motschulsky, 1844","Motschulsky, V. Insectes de la Sibérie rapportés d'un voyage fait en 1839 et 1840. -. Mémoires présentés à l'Académie Impériale des Sciences de St.-Pétersbourg par divers savans et lus dans ses Assemblées, 5 (1-3): 1-274, i-xv, 10 pls. (St.Petersburg). (1844)."
6962235,"Systolosoma breve Solier, 1849",Systolosoma breve,SPECIES,ACCEPTED,Animalia,Arthropoda,Insecta,Coleoptera,Trachypachidae,Systolosoma,Systolosoma breve,0,Notioxenus bilunulatus,"Notioxenus bilunulatus Motschulsky, 1857",9271421,SYNONYM,,"Motschulsky, 1857",
6962235,"Systolosoma breve Solier, 1849",Systolosoma breve,SPECIES,ACCEPTED,Animalia,Arthropoda,Insecta,Coleoptera,Trachypachidae,Systolosoma,Systolosoma breve,0,Systolosoma bilunulatum,"Systolosoma bilunulatum (Motschulsky, 1857)",7641330,SYNONYM,,"(Motschulsky, 1857) ",
8674670,"Necronectulus avus Ponomarenko, 1977",Necronectulus avus,SPECIES,ACCEPTED,Animalia,Arthropoda,Insecta,Coleoptera,Trachypachidae,Necronectulus,Necronectulus avus,0,Necronetulus avus,"Necronetulus avus Ponomarenko, 1977",9400814,SYNONYM,,"Ponomarenko, 1977",
9287894,"Ademosynoides asiatica Martynov, 1936",Ademosynoides asiatica,SPECIES,ACCEPTED,Animalia,Arthropoda,Insecta,Coleoptera,Trachypachidae,Ademosynoides,Ademosynoides asiatica,0,Petrodromeus asiaticus,"Petrodromeus asiaticus (Martynov, 1936)",8610853,SYNONYM,,"(Martynov, 1936) ",
9481288,"Ademosynoides chinatica Linnaeus, 1992",Ademosynoides chinatica,SPECIES,ACCEPTED,Animalia,Arthropoda,Insecta,Coleoptera,Trachypachidae,Ademosynoides,Ademosynoides chinatica,0,Toksunius chinaticus,"Toksunius chinaticus (Linnaeus, 1992)",8464805,SYNONYM,,"(Linnaeus, 1992) ",
6989256,"Ademosynoides juxta Linnaeus, 1986",Ademosynoides juxta,SPECIES,ACCEPTED,Animalia,Arthropoda,Insecta,Coleoptera,Trachypachidae,Ademosynoides,Ademosynoides juxta,0,Dzeregia juxta,"Dzeregia juxta (Linnaeus, 1986)",8641925,SYNONYM,,"(Linnaeus, 1986) ",
9429058,"Gyrinites minimus (Heer, 1864)",Gyrinites minimus,SPECIES,ACCEPTED,Animalia,Arthropoda,Insecta,Coleoptera,,Phaulogyrinus,Gyrinites minimus,0,Phaulogyrinus minimus,"Phaulogyrinus minimus (Heer, 1864)",8449115,SYNONYM,,"(Heer, 1864) ",
1168338,"Epicerastes exstans Jordan, 1931",Epicerastes exstans,SPECIES,ACCEPTED,Animalia,Arthropoda,Insecta,Coleoptera,Anthribidae,Epicerastes,Epicerastes exstans,0,Epicerastes extans,"Epicerastes extans R.Frieser, 1990",11297288,SYNONYM,,"R.Frieser, 1990",
9507470,"Epicerastes viridescens Wolfrum, 1958",Epicerastes viridescens,SPECIES,ACCEPTED,Animalia,Arthropoda,Insecta,Coleoptera,Anthribidae,Epicerastes,Epicerastes viridescens,0,Epicerastes viridanus,"Epicerastes viridanus R.Frieser, 1997",9263178,SYNONYM,,"R.Frieser, 1997",
9481056,"Protaedus butoniensis R.Frieser, 2001",Protaedus butoniensis,SPECIES,ACCEPTED,Animalia,Arthropoda,Insecta,Coleoptera,Anthribidae,Protaedus,Protaedus butoniensis,0,Protaedus butoniense,"Protaedus butoniense R.Frieser, 2001",9477637,SYNONYM,,"R.Frieser, 2001",
1165911,"Protaedus frontaltus (Wolfrum, 1924)",Protaedus frontaltus,SPECIES,ACCEPTED,Animalia,Arthropoda,Insecta,Coleoptera,Anthribidae,Protaedus,Protaedus frontaltus,0,Protaedus fontaltus,"Protaedus fontaltus (Wolfrum, 1924)",9373368,SYNONYM,,"(Wolfrum, 1924) ",
1165909,"Protaedus matertera (Wolfrum, 1924)",Protaedus matertera,SPECIES,ACCEPTED,Animalia,Arthropoda,Insecta,Coleoptera,Anthribidae,Protaedus,Protaedus matertera,0,Protaedus materta,"Protaedus materta R.Frieser, 2001",9463556,SYNONYM,,"R.Frieser, 2001",
9495180,"Protaedus robusticornis R.Frieser, 1995",Protaedus robusticornis,SPECIES,ACCEPTED,Animalia,Arthropoda,Insecta,Coleoptera,Anthribidae,Protaedus,Protaedus robusticornis,0,Protaedus robusticorne,"Protaedus robusticorne R.Frieser, 1995",9274818,SYNONYM,,"R.Frieser, 1995",
5737722,"Bothrus taiwanus (Shibata, 1978)",Bothrus taiwanus,SPECIES,ACCEPTED,Animalia,Arthropoda,Insecta,Coleoptera,Anthribidae,Bothrus,Bothrus taiwanus,0,Physopterus taiwanus,"Physopterus taiwanus Shibata, 1978",11330293,SYNONYM,,"Shibata, 1978",
1167161,"Hucus numatus Jordan, 1938",Hucus numatus,SPECIES,ACCEPTED,Animalia,Arthropoda,Insecta,Coleoptera,Anthribidae,Hucus,Hucus numatus,0,Hucus numatus,"Hucus numatus R.Frieser, 2008",11239968,SYNONYM,,"R.Frieser, 2008",
9564893,"Exillis aeruginosus R.Frieser, 1997",Exillis aeruginosus,SPECIES,ACCEPTED,Animalia,Arthropoda,Insecta,Coleoptera,Anthribidae,Exillis,Exillis aeruginosus,0,Exillis aeroginosus,"Exillis aeroginosus R.Frieser, 1997",9395159,SYNONYM,,"R.Frieser, 1997",
11130911,"Dolichocera harmandi (Lesne, 1891)",Dolichocera harmandi,SPECIES,ACCEPTED,Animalia,Arthropoda,Insecta,Coleoptera,Anthribidae,Dolichocera,Dolichocera harmandi,0,Dolichocera hermandi,"Dolichocera hermandi R.Frieser, 2008",11305873,SYNONYM,,"R.Frieser, 2008",
11202856,"Dolichocera schanus (Jordan, 1928)",Dolichocera schanus,SPECIES,ACCEPTED,Animalia,Arthropoda,Insecta,Coleoptera,Anthribidae,Dolichocera,Dolichocera schanus,0,Dolichocera schanus,"Dolichocera schanus R.Frieser, 2008",11322814,SYNONYM,,"R.Frieser, 2008",
11195791,"Dolichocera tessellata (Jordan, 1895)",Dolichocera tessellata,SPECIES,ACCEPTED,Animalia,Arthropoda,Insecta,Coleoptera,Anthribidae,Dolichocera,Dolichocera tessellata,0,Dolichocera tessellatus,"Dolichocera tessellatus R.Frieser, 2008",11360134,SYNONYM,,"R.Frieser, 2008",
9543000,"Tophoderes depontanus Heyden & C.von, 1859",Tophoderes depontanus,SPECIES,ACCEPTED,Animalia,Arthropoda,Insecta,Coleoptera,Anthribidae,Tophoderes,Tophoderes depontanus,0,Syntophoderes depontanus,"Syntophoderes depontanus (Von Heyden, 1859)",8665687,SYNONYM,,"(Von Heyden, 1859) ",
1168385,"Tophoderes sinuatocollis Jordan, 1895",Tophoderes sinuatocollis,SPECIES,ACCEPTED,Animalia,Arthropoda,Insecta,Coleoptera,Anthribidae,Tophoderes,Tophoderes sinuatocollis,0,Tophoderes sinuaticollis,"Tophoderes sinuaticollis R.Frieser, 1980",11259131,SYNONYM,,"R.Frieser, 1980",
9288742,Anthribus moussonii,Anthribus moussonii,SPECIES,ACCEPTED,Animalia,Arthropoda,Insecta,Coleoptera,Anthribidae,Anthribus,Anthribus moussonii,0,Anthribus moussoni,"Anthribus moussoni (O.Heer, 1847)",9362207,SYNONYM,,"(O.Heer, 1847) ",
1165552,"Anthribus nebulosus J.R.Forster, 1770",Anthribus nebulosus,SPECIES,ACCEPTED,Animalia,Arthropoda,Insecta,Coleoptera,Anthribidae,Anthribus,Anthribus nebulosus,0,Anthribus minimus,"Anthribus minimus J.F.W.Herbst, 1797",9448076,SYNONYM,,"J.F.W.Herbst, 1797",
1165552,"Anthribus nebulosus J.R.Forster, 1770",Anthribus nebulosus,SPECIES,ACCEPTED,Animalia,Arthropoda,Insecta,Coleoptera,Anthribidae,Anthribus,Anthribus nebulosus,0,Anthribus tesselatus,"Anthribus tesselatus Dejean & P.F.M.A., 1821",7895755,SYNONYM,,"Dejean & P.F.M.A., 1821",
1165552,"Anthribus nebulosus J.R.Forster, 1770",Anthribus nebulosus,SPECIES,ACCEPTED,Animalia,Arthropoda,Insecta,Coleoptera,Anthribidae,Anthribus,Anthribus nebulosus,0,Anthribus variegatus,"Anthribus variegatus Fourcroy, 1785",11260588,SYNONYM,,"Fourcroy, 1785",
1165552,"Anthribus nebulosus J.R.Forster, 1770",Anthribus nebulosus,SPECIES,ACCEPTED,Animalia,Arthropoda,Insecta,Coleoptera,Anthribidae,Anthribus,Anthribus nebulosus,0,Brachytarsus kusteri,"Brachytarsus küsteri R.Frieser, 1981",11363026,SYNONYM,,"R.Frieser, 1981",
1165672,"Anthribus scapularis Gebler, 1841",Anthribus scapularis,SPECIES,ACCEPTED,Animalia,Arthropoda,Insecta,Coleoptera,Anthribidae,Anthribus,Anthribus scapularis,0,Brachytarsus rosae,"Brachytarsus rosae R.Frieser, 1981",11296940,SYNONYM,,"R.Frieser, 1981",
1168633,"Deropygus chaerilus Jordan, 1937",Deropygus chaerilus,SPECIES,ACCEPTED,Animalia,Arthropoda,Insecta,Coleoptera,Anthribidae,Deropygus,Deropygus chaerilus,0,Deropygus cherilus,"Deropygus cherilus R.Frieser, 2008",11341963,SYNONYM,,"R.Frieser, 2008",
8965250,"Electranthribus zherikhini Legalov, 2013",Electranthribus zherikhini,SPECIES,ACCEPTED,Animalia,Arthropoda,Insecta,Coleoptera,Anthribidae,Electranthribus,Electranthribus zherikhini,0,Glaesotropis zherikhini,"Glaesotropis zherikhini (Legalov, 2013)",8654063,SYNONYM,,"(Legalov, 2013) ",
11205941,"Sympaector revocans (Walker, 1859)",Sympaector revocans,SPECIES,ACCEPTED,Animalia,Arthropoda,Insecta,Coleoptera,Anthribidae,Sympaector,Sympaector revocans,0,Sympaector revocanus,"Sympaector revocanus Rheinheimer, 2004",11318620,SYNONYM,,"Rheinheimer, 2004",
1162255,"Phytocerum cayennense (Bonvouloir, 1870)",Phytocerum cayennense,SPECIES,ACCEPTED,Animalia,Arthropoda,Insecta,Coleoptera,Cerophytidae,Phytocerum,Phytocerum cayennense,0,Cerophytum cayennense,"Cerophytum cayennense Bonvouloir, 1870",6957684,SYNONYM,,"Bonvouloir, 1870",
6981223,"Idiomerus brevicornis (Dolin, 1980)",Idiomerus brevicornis,SPECIES,ACCEPTED,Animalia,Arthropoda,Insecta,Coleoptera,Cerophytidae,Necromera,Idiomerus brevicornis,0,Necromera brevicornis,"Necromera brevicornis (Dolin, 1980)",8505099,SYNONYM,,"(Dolin, 1980) ",
6981228,"Idiomerus inflatus (Dolin, 1980)",Idiomerus inflatus,SPECIES,ACCEPTED,Animalia,Arthropoda,Insecta,Coleoptera,Cerophytidae,Necromera,Idiomerus inflatus,0,Necromera inflata,"Necromera inflata (Dolin, 1980)",8699468,SYNONYM,,"(Dolin, 1980) ",
6981224,"Idiomerus intermedius (Dolin, 1980)",Idiomerus intermedius,SPECIES,ACCEPTED,Animalia,Arthropoda,Insecta,Coleoptera,Cerophytidae,Necromera,Idiomerus intermedius,0,Necromera intermedia,"Necromera intermedia (Dolin, 1980)",8488501,SYNONYM,,"(Dolin, 1980) ",
6981226,"Idiomerus latissimus (Dolin, 1980)",Idiomerus latissimus,SPECIES,ACCEPTED,Animalia,Arthropoda,Insecta,Coleoptera,Cerophytidae,Necromera,Idiomerus latissimus,0,Necromera latissima,"Necromera latissima (Dolin, 1980)",8615104,SYNONYM,,"(Dolin, 1980) ",
6981225,"Idiomerus longicornis (Dolin, 1980)",Idiomerus longicornis,SPECIES,ACCEPTED,Animalia,Arthropoda,Insecta,Coleoptera,Cerophytidae,Necromera,Idiomerus longicornis,0,Necromera longicornis,"Necromera longicornis (Dolin, 1980)",8443554,SYNONYM,,"(Dolin, 1980) ",
6981222,"Idiomerus musculus (Dolin, 1980)",Idiomerus musculus,SPECIES,ACCEPTED,Animalia,Arthropoda,Insecta,Coleoptera,Cerophytidae,Necromera,Idiomerus musculus,0,Necromera muscula,"Necromera muscula (Dolin, 1980)",8565355,SYNONYM,,"(Dolin, 1980) ",
9279396,"Leptocnemus longus (Hong & Wang, 1990)",Leptocnemus longus,SPECIES,ACCEPTED,Animalia,Arthropoda,Insecta,Coleoptera,Cerophytidae,Necromera,Leptocnemus longus,0,Necromera longa,"Necromera longa (Hong & Wang, 1990)",8582933,SYNONYM,,"(Hong & Wang, 1990) ",
9327325,"Baissophytum amplus (Chang et al., 2011)",Baissophytum amplus,SPECIES,ACCEPTED,Animalia,Arthropoda,Insecta,Coleoptera,Cerophytidae,Baissopsis,Baissophytum amplus,0,Baissopsis amplus,"Baissopsis amplus (Chang et al., 2011)",8685645,SYNONYM,,"(Chang et al., 2011) ",
4456350,"Dolichocis laricinus (Mellié, 1848)",Dolichocis laricinus,SPECIES,ACCEPTED,Animalia,Arthropoda,Insecta,Coleoptera,Ciidae,Dolichocis,Dolichocis laricinus,1,Ennearthron laricinum,"Ennearthron laricinum (Mellié, 1848)",8249049,SYNONYM,,"(Mellié, 1848) ",
4456354,"Sulcacis bidentulus (Rosenhauer, 1847)",Sulcacis bidentulus,SPECIES,ACCEPTED,Animalia,Arthropoda,Insecta,Coleoptera,Ciidae,Sulcacis,Sulcacis bidentulus,1,Cis alpinus,"Cis alpinus Mellié, 1848",6958040,SYNONYM,,"Mellié, 1848",
1045806,"Sulcacis curtulus (Casey, 1898)",Sulcacis curtulus,SPECIES,ACCEPTED,Animalia,Arthropoda,Insecta,Coleoptera,Ciidae,Sulcacis,Sulcacis curtulus,1,Cis criddlei,"Cis criddlei Dury, 1919",1045810,SYNONYM,,"Dury, 1919","Dury, C., 1919: A new ciside genus with new species from Manitoba. Canadian Entomologist, vol. 51. 158."
1045806,"Sulcacis curtulus (Casey, 1898)",Sulcacis curtulus,SPECIES,ACCEPTED,Animalia,Arthropoda,Insecta,Coleoptera,Ciidae,Sulcacis,Sulcacis curtulus,1,Cis cylindricus,"Cis cylindricus Dury, 1917",1045808,SYNONYM,,"Dury, 1917","Dury, C., 1917: Synopsis of the coleopterous family Cisidae (Cioidae) of America north of Mexico. Journal of the Cincinnati Society of Natural History, vol. 22., no. 2. 1-27."
1045806,"Sulcacis curtulus (Casey, 1898)",Sulcacis curtulus,SPECIES,ACCEPTED,Animalia,Arthropoda,Insecta,Coleoptera,Ciidae,Sulcacis,Sulcacis curtulus,1,Cis montana,"Cis montana Casey, 1898",1045813,SYNONYM,,"Casey, 1898",
1045806,"Sulcacis curtulus (Casey, 1898)",Sulcacis curtulus,SPECIES,ACCEPTED,Animalia,Arthropoda,Insecta,Coleoptera,Ciidae,Sulcacis,Sulcacis curtulus,1,Cis sorror,"Cis sorror Casey, 1898",1045814,SYNONYM,,"Casey, 1898","Casey, Tos. L., 1898: Studies in the Ptinidae, Cioidae, and Sphindidae of America. Journal of the New York Entomological Society, vol. 6, no. 2. 61-93."
1045806,"Sulcacis curtulus (Casey, 1898)",Sulcacis curtulus,SPECIES,ACCEPTED,Animalia,Arthropoda,Insecta,Coleoptera,Ciidae,Sulcacis,Sulcacis curtulus,1,Sulcacis criddlei,"Sulcacis criddlei (Dury, 1919)",1045807,SYNONYM,,"(Dury, 1919) ",
1045806,"Sulcacis curtulus (Casey, 1898)",Sulcacis curtulus,SPECIES,ACCEPTED,Animalia,Arthropoda,Insecta,Coleoptera,Ciidae,Sulcacis,Sulcacis curtulus,1,Sulcacis cylindricus,"Sulcacis cylindricus (Dury, 1917)",1045812,SYNONYM,,"(Dury, 1917) ",
1045806,"Sulcacis curtulus (Casey, 1898)",Sulcacis curtulus,SPECIES,ACCEPTED,Animalia,Arthropoda,Insecta,Coleoptera,Ciidae,Sulcacis,Sulcacis curtulus,1,Sulcacis montana,"Sulcacis montana Casey, 1898",1045815,SYNONYM,,"Casey, 1898","Casey, Tos. L., 1898: Studies in the Ptinidae, Cioidae, and Sphindidae of America. Journal of the New York Entomological Society, vol. 6, no. 2. 61-93."
1045806,"Sulcacis curtulus (Casey, 1898)",Sulcacis curtulus,SPECIES,ACCEPTED,Animalia,Arthropoda,Insecta,Coleoptera,Ciidae,Sulcacis,Sulcacis curtulus,1,Sulcacis niger,"Sulcacis niger Dury, 1917",1045811,SYNONYM,,"Dury, 1917","Dury, C., 1917: Synopsis of the coleopterous family Cisidae (Cioidae) of America north of Mexico. Journal of the Cincinnati Society of Natural History, vol. 22., no. 2. 1-27."
1045806,"Sulcacis curtulus (Casey, 1898)",Sulcacis curtulus,SPECIES,ACCEPTED,Animalia,Arthropoda,Insecta,Coleoptera,Ciidae,Sulcacis,Sulcacis curtulus,1,Sulcacis sorror,"Sulcacis sorror (Casey, 1898)",1045809,SYNONYM,,"(Casey, 1898) ",
4456352,"Sulcacis fronticornis (Panzer, 1809)",Sulcacis fronticornis,SPECIES,ACCEPTED,Animalia,Arthropoda,Insecta,Coleoptera,Ciidae,Sulcacis,Sulcacis fronticornis,1,Cis fronticornis,"Cis fronticornis (Panzer, 1809)",9977567,SYNONYM,,"(Panzer, 1809) ",
4456352,"Sulcacis fronticornis (Panzer, 1809)",Sulcacis fronticornis,SPECIES,ACCEPTED,Animalia,Arthropoda,Insecta,Coleoptera,Ciidae,Sulcacis,Sulcacis fronticornis,1,Rhopalodontus fronticornis,"Rhopalodontus fronticornis (Panzer, 1809)",6958034,SYNONYM,,"(Panzer, 1809) ",
8672784,"Sulcacis nitidus (Fabricius, 1792)",Sulcacis nitidus,SPECIES,ACCEPTED,Animalia,Arthropoda,Insecta,Coleoptera,Ciidae,Sulcacis,Sulcacis nitidus,2,Cis nitidus,"Cis nitidus (Fabricius, 1792)",10554839,SYNONYM,,"(Fabricius, 1792) ",
8672784,"Sulcacis nitidus (Fabricius, 1792)",Sulcacis nitidus,SPECIES,ACCEPTED,Animalia,Arthropoda,Insecta,Coleoptera,Ciidae,Sulcacis,Sulcacis nitidus,2,Ennearthron affine,"Ennearthron affine (Gyllenhal, 1827)",8101487,SYNONYM,,"(Gyllenhal, 1827) ",
8672784,"Sulcacis nitidus (Fabricius, 1792)",Sulcacis nitidus,SPECIES,ACCEPTED,Animalia,Arthropoda,Insecta,Coleoptera,Ciidae,Sulcacis,Sulcacis nitidus,2,Ennearthron affinis,Ennearthron affinis,11263898,SYNONYM,,,
8672784,"Sulcacis nitidus (Fabricius, 1792)",Sulcacis nitidus,SPECIES,ACCEPTED,Animalia,Arthropoda,Insecta,Coleoptera,Ciidae,Sulcacis,Sulcacis nitidus,2,Entypus affinis,Entypus affinis (Gyllenhal),11288559,SYNONYM,,(Gyllenhal) ,
8672784,"Sulcacis nitidus (Fabricius, 1792)",Sulcacis nitidus,SPECIES,ACCEPTED,Animalia,Arthropoda,Insecta,Coleoptera,Ciidae,Sulcacis,Sulcacis nitidus,2,Sulcacis affinis,"Sulcacis affinis (Gyllenhal, 1827)",4456356,SYNONYM,,"(Gyllenhal, 1827) ",
4456414,"Strigocis bicornis (Mellié, 1848)",Strigocis bicornis,SPECIES,ACCEPTED,Animalia,Arthropoda,Insecta,Coleoptera,Ciidae,Strigocis,Strigocis bicornis,0,Entypus bicornis,Entypus bicornis,11230645,SYNONYM,,,
4456414,"Strigocis bicornis (Mellié, 1848)",Strigocis bicornis,SPECIES,ACCEPTED,Animalia,Arthropoda,Insecta,Coleoptera,Ciidae,Strigocis,Strigocis bicornis,0,Strigocis fronticornis,Strigocis fronticornis,11279968,SYNONYM,,,
1045798,"Strigocis bilimeki (Reitter, 1878)",Strigocis bilimeki,SPECIES,ACCEPTED,Animalia,Arthropoda,Insecta,Coleoptera,Ciidae,Strigocis,Strigocis bilimeki,0,Cis bilimeka,"Cis bilimeka Reitter, 1878",1045799,SYNONYM,,"Reitter, 1878",
1045800,"Strigocis opalescens (Casey, 1898)",Strigocis opalescens,SPECIES,ACCEPTED,Animalia,Arthropoda,Insecta,Coleoptera,Ciidae,Strigocis,Strigocis opalescens,0,Strigocis davisi,"Strigocis davisi (Dury, 1917)",1045803,SYNONYM,,"(Dury, 1917) ",
1045800,"Strigocis opalescens (Casey, 1898)",Strigocis opalescens,SPECIES,ACCEPTED,Animalia,Arthropoda,Insecta,Coleoptera,Ciidae,Strigocis,Strigocis opalescens,0,Xestocis davisi,"Xestocis davisi Dury, 1917",4990336,SYNONYM,,"Dury, 1917","Dury, C., 1917: Synopsis of the coleopterous family Cisidae (Cioidae) of America north of Mexico. Journal of the Cincinnati Society of Natural History, vol. 22., no. 2. 1-27."
1045800,"Strigocis opalescens (Casey, 1898)",Strigocis opalescens,SPECIES,ACCEPTED,Animalia,Arthropoda,Insecta,Coleoptera,Ciidae,Strigocis,Strigocis opalescens,0,Xestocis opalescens,"Xestocis opalescens Casey, 1898",4990335,SYNONYM,,"Casey, 1898","Casey, Tos. L., 1898: Studies in the Ptinidae, Cioidae, and Sphindidae of America. Journal of the New York Entomological Society, vol. 6, no. 2. 61-93."
4456377,"Wagaicis wagae (Wankowicz, 1869)",Wagaicis wagae,SPECIES,ACCEPTED,Animalia,Arthropoda,Insecta,Coleoptera,Ciidae,Wagaicis,Wagaicis wagae,0,Wagaicis wagai,"Wagaicis wagai (Wankowicz, 1869)",8002773,SYNONYM,,"(Wankowicz, 1869) ",
1045642,"Malacocis brevicollis (Casey, 1898)",Malacocis brevicollis,SPECIES,ACCEPTED,Animalia,Arthropoda,Insecta,Coleoptera,Ciidae,Malacocis,Malacocis brevicollis,0,Brachycis brevicollis,"Brachycis brevicollis Casey, 1898",4990321,SYNONYM,,"Casey, 1898","Casey, Tos. L., 1898: Studies in the Ptinidae, Cioidae, and Sphindidae of America. Journal of the New York Entomological Society, vol. 6, no. 2. 61-93."
1045671,"Cis miles (Casey, 1898)",Cis miles,SPECIES,ACCEPTED,Animalia,Arthropoda,Insecta,Coleoptera,Ciidae,Cis,Cis miles,0,Xestocis miles,"Xestocis miles Casey, 1898",6721200,SYNONYM,,"Casey, 1898",
1045788,"Cis krausi Dalla Torre, 1911",Cis krausi,SPECIES,ACCEPTED,Animalia,Arthropoda,Insecta,Coleoptera,Ciidae,Cis,Cis krausi,0,Cis bicolor,"Cis bicolor Dury, 1917",7472540,SYNONYM,,"Dury, 1917","Dury, C., 1917: Synopsis of the coleopterous family Cisidae (Cioidae) of America north of Mexico. Journal of the Cincinnati Society of Natural History, vol. 22., no. 2. 1-27."
1045788,"Cis krausi Dalla Torre, 1911",Cis krausi,SPECIES,ACCEPTED,Animalia,Arthropoda,Insecta,Coleoptera,Ciidae,Cis,Cis krausi,0,Cis bimaculatus,"Cis bimaculatus Kraus, 1908",8298704,SYNONYM,,"Kraus, 1908","Kraus, E. J., 1908: New bicolored Cioidae (Coleoptera). Proceedings of the Entomological Society of Washington, vol. 10. 74-81."
1045788,"Cis krausi Dalla Torre, 1911",Cis krausi,SPECIES,ACCEPTED,Animalia,Arthropoda,Insecta,Coleoptera,Ciidae,Cis,Cis krausi,0,Cis duryi,"Cis duryi Leng, 1918",1045789,SYNONYM,,"Leng, 1918","Leng, C. W., 1918: Notes on some changes in the list of Coleoptera. Journal of the New York Entomological Society, vol. 26. 201-211."
4456457,"Cis striatulus Mellié, 1848",Cis striatulus,SPECIES,ACCEPTED,Animalia,Arthropoda,Insecta,Coleoptera,Ciidae,Cis,Cis striatulus,0,Hadraule striatulus,"Hadraule striatulus Mellié, 1848",9271156,SYNONYM,,"Mellié, 1848",
1045752,"Cis tetracentrum Gorham, 1886",Cis tetracentrum,SPECIES,ACCEPTED,Animalia,Arthropoda,Insecta,Coleoptera,Ciidae,Cis,Cis tetracentrum,0,Cis arizonae,"Cis arizonae Dury, 1917",1045753,SYNONYM,,"Dury, 1917","Dury, C., 1917: Synopsis of the coleopterous family Cisidae (Cioidae) of America north of Mexico. Journal of the Cincinnati Society of Natural History, vol. 22., no. 2. 1-27."
1045742,"Cis maritimus (Hatch, 1962)",Cis maritimus,SPECIES,ACCEPTED,Animalia,Arthropoda,Insecta,Coleoptera,Ciidae,Cis,Cis maritimus,1,Xestocis maritimus,"Xestocis maritimus Hatch, 1962",6721203,SYNONYM,,"Hatch, 1962","Hatch, M. H., 1961: The Beetles of the Pacific Northwest. University of Washington Publications in Biology, vol. 16, pt. 3. ix + 503."
1045662,"Cis ephippiatus Mannerheim, 1853",Cis ephippiatus,SPECIES,ACCEPTED,Animalia,Arthropoda,Insecta,Coleoptera,Ciidae,Cis,Cis ephippiatus,0,Cis ephippium,"Cis ephippium Dalla Torre, 1911",1045665,SYNONYM,,"Dalla Torre, 1911","Dalla Torre, K. W. von / Schenkling, ed., 1911: Cioidae. Coleopterum catalogus, pt. 30, vol. 16. 32."
1045662,"Cis ephippiatus Mannerheim, 1853",Cis ephippiatus,SPECIES,ACCEPTED,Animalia,Arthropoda,Insecta,Coleoptera,Ciidae,Cis,Cis ephippiatus,0,Cis moznettei,"Cis moznettei (Dury, 1917)",1045663,SYNONYM,,"(Dury, 1917) ",
1045662,"Cis ephippiatus Mannerheim, 1853",Cis ephippiatus,SPECIES,ACCEPTED,Animalia,Arthropoda,Insecta,Coleoptera,Ciidae,Cis,Cis ephippiatus,0,Xestocis moznettei,"Xestocis moznettei Dury, 1917",6721194,SYNONYM,,"Dury, 1917","Dury, C., 1917: Synopsis of the coleopterous family Cisidae (Cioidae) of America north of Mexico. Journal of the Cincinnati Society of Natural History, vol. 22., no. 2. 1-27."
4456422,"Cis castaneus (Herbst, 1793)",Cis castaneus,SPECIES,ACCEPTED,Animalia,Arthropoda,Insecta,Coleoptera,Ciidae,Cis,Cis castaneus,1,Cis alter,"Cis alter Silfverberg, 1991",4456436,SYNONYM,,"Silfverberg, 1991",
4456422,"Cis castaneus (Herbst, 1793)",Cis castaneus,SPECIES,ACCEPTED,Animalia,Arthropoda,Insecta,Coleoptera,Ciidae,Cis,Cis castaneus,1,Kateretes castaneus,"Kateretes castaneus Herbst, 1793",9556114,SYNONYM,,"Herbst, 1793",
1045667,"Cis tristis Mellié, 1848",Cis tristis,SPECIES,ACCEPTED,Animalia,Arthropoda,Insecta,Coleoptera,Ciidae,Cis,Cis tristis,0,Cis falli,"Cis falli Blatchley, 1910",1045669,SYNONYM,,"Blatchley, 1910","Blatchley, W. S., 1910: An illustrated descriptive catalogue of the Coleoptera or beetles (exclusive of the Rhynchophora) known to occur in Indiana with bibliography and descriptions of new species.. Bulletin, no. 1. 1386."
1045667,"Cis tristis Mellié, 1848",Cis tristis,SPECIES,ACCEPTED,Animalia,Arthropoda,Insecta,Coleoptera,Ciidae,Cis,Cis tristis,0,Cis setulosus,"Cis setulosus Mellié, 1848",1045668,SYNONYM,,"Mellié, 1848","Mellié, J., 1848: Monographie de l'ancien genre Cis des auteurs. Annales de la Society Entomologique de France, ser. 2, vol. 6. 205-574,313-396."
6958250,"Cis festivus (Panzer, 1793)",Cis festivus,SPECIES,ACCEPTED,Animalia,Arthropoda,Insecta,Coleoptera,Ciidae,Cis,Cis festivus,1,Orthocis festivus,"Orthocis festivus (Panzer, 1793)",4456400,SYNONYM,,"(Panzer, 1793) ",
1045681,"Cis levettei (Casey, 1898)",Cis levettei,SPECIES,ACCEPTED,Animalia,Arthropoda,Insecta,Coleoptera,Ciidae,Cis,Cis levettei,0,Cis levellei,"Cis levellei Dalla Torre, 1911",1045682,SYNONYM,,"Dalla Torre, 1911","Dalla Torre, K. W. von / Schenkling, ed., 1911: Cioidae. Coleopterum catalogus, pt. 30, vol. 16. 32."
1045681,"Cis levettei (Casey, 1898)",Cis levettei,SPECIES,ACCEPTED,Animalia,Arthropoda,Insecta,Coleoptera,Ciidae,Cis,Cis levettei,0,Xestocis levettei,"Xestocis levettei Casey, 1898",6721205,SYNONYM,,"Casey, 1898","Casey, Tos. L., 1898: Studies in the Ptinidae, Cioidae, and Sphindidae of America. Journal of the New York Entomological Society, vol. 6, no. 2. 61-93."
1045660,"Cis castlei (Dury, 1917)",Cis castlei,SPECIES,ACCEPTED,Animalia,Arthropoda,Insecta,Coleoptera,Ciidae,Cis,Cis castlei,0,Xestocis castlei,"Xestocis castlei Dury, 1917",6721204,SYNONYM,,"Dury, 1917","Dury, C., 1917: Synopsis of the coleopterous family Cisidae (Cioidae) of America north of Mexico. Journal of the Cincinnati Society of Natural History, vol. 22., no. 2. 1-27."
1045539,"Octotemnus laevis Casey, 1898",Octotemnus laevis,SPECIES,ACCEPTED,Animalia,Arthropoda,Insecta,Coleoptera,Ciidae,Octotemnus,Octotemnus laevis,1,Octotemnus denudatus,"Octotemnus denudatus Casey, 1898",1045540,SYNONYM,,"Casey, 1898","Casey, Tos. L., 1898: Studies in the Ptinidae, Cioidae, and Sphindidae of America. Journal of the New York Entomological Society, vol. 6, no. 2. 61-93."
1045646,"Hadraule elongatula (Gyllenhal, 1827)",Hadraule elongatula,SPECIES,ACCEPTED,Animalia,Arthropoda,Insecta,Coleoptera,Ciidae,Hadraule,Hadraule elongatula,0,Ennearthron striata,"Ennearthron striata Sahlberg, 1901",1045648,SYNONYM,,"Sahlberg, 1901","Sahlberg, J., 1901: Coleoptera nova vel minus cognita faunae Fennicae. Acta Societatis pro Fauna et Flora Fennica, vol. 19, no. 3. 1-23."
1045646,"Hadraule elongatula (Gyllenhal, 1827)",Hadraule elongatula,SPECIES,ACCEPTED,Animalia,Arthropoda,Insecta,Coleoptera,Ciidae,Hadraule,Hadraule elongatula,0,Hadraule coarctata,"Hadraule coarctata (Peyerimhoff, 1918)",1045647,SYNONYM,,"(Peyerimhoff, 1918) ",
1045646,"Hadraule elongatula (Gyllenhal, 1827)",Hadraule elongatula,SPECIES,ACCEPTED,Animalia,Arthropoda,Insecta,Coleoptera,Ciidae,Hadraule,Hadraule elongatula,0,Hadraule striata,"Hadraule striata (Sahlberg, 1901)",1045651,SYNONYM,,"(Sahlberg, 1901) ",
1045646,"Hadraule elongatula (Gyllenhal, 1827)",Hadraule elongatula,SPECIES,ACCEPTED,Animalia,Arthropoda,Insecta,Coleoptera,Ciidae,Hadraule,Hadraule elongatula,0,Pityocis coarctata,"Pityocis coarctata Peyerimhoff, 1918",1045650,SYNONYM,,"Peyerimhoff, 1918","Peyerimhoff, P. de, 1918: Nouveaux Coleopteres du Nord-Africain. (Vingt-huitieme note: Faune du Pin d'Alep). Bulletin de la Societe Entomologique de France, 1918. 141-143."
10047137,"Porculus dufaui (Pic, 1922)",Porculus dufaui,SPECIES,ACCEPTED,Animalia,Arthropoda,Insecta,Coleoptera,Ciidae,Porculus,Porculus dufaui,0,Cis dufaui,"Cis dufaui Pic, 1922",6958096,SYNONYM,,"Pic, 1922",
6958389,"Ceracis bicornis (Mellié, 1849)",Ceracis bicornis,SPECIES,ACCEPTED,Animalia,Arthropoda,Insecta,Coleoptera,Ciidae,Ceracis,Ceracis bicornis,0,Ennearthron bicornis,"Ennearthron bicornis Mellié, 1849",6958390,SYNONYM,,"Mellié, 1849",
1045568,"Ceracis californicus (Casey, 1884)",Ceracis californicus,SPECIES,ACCEPTED,Animalia,Arthropoda,Insecta,Coleoptera,Ciidae,Ceracis,Ceracis californicus,0,Ceracis coloradensis,"Ceracis coloradensis (Dury, 1917)",1045572,SYNONYM,,"(Dury, 1917) ",
1045568,"Ceracis californicus (Casey, 1884)",Ceracis californicus,SPECIES,ACCEPTED,Animalia,Arthropoda,Insecta,Coleoptera,Ciidae,Ceracis,Ceracis californicus,0,Ceracis convergens,"Ceracis convergens (Casey, 1898)",1045574,SYNONYM,,"(Casey, 1898) ",
1045568,"Ceracis californicus (Casey, 1884)",Ceracis californicus,SPECIES,ACCEPTED,Animalia,Arthropoda,Insecta,Coleoptera,Ciidae,Ceracis,Ceracis californicus,0,Ceracis discolor,"Ceracis discolor (Casey, 1898)",1045578,SYNONYM,,"(Casey, 1898) ",
1045568,"Ceracis californicus (Casey, 1884)",Ceracis californicus,SPECIES,ACCEPTED,Animalia,Arthropoda,Insecta,Coleoptera,Ciidae,Ceracis,Ceracis californicus,0,Ceracis grossulus,"Ceracis grossulus (Casey, 1898)",1045570,SYNONYM,,"(Casey, 1898) ",
1045568,"Ceracis californicus (Casey, 1884)",Ceracis californicus,SPECIES,ACCEPTED,Animalia,Arthropoda,Insecta,Coleoptera,Ciidae,Ceracis,Ceracis californicus,0,Ceracis oregonus,"Ceracis oregonus (Dury, 1917)",1045569,SYNONYM,,"(Dury, 1917) ",
1045568,"Ceracis californicus (Casey, 1884)",Ceracis californicus,SPECIES,ACCEPTED,Animalia,Arthropoda,Insecta,Coleoptera,Ciidae,Ceracis,Ceracis californicus,0,Ennearthron californicus,"Ennearthron californicus Casey, 1884",1045579,SYNONYM,,"Casey, 1884",
1045568,"Ceracis californicus (Casey, 1884)",Ceracis californicus,SPECIES,ACCEPTED,Animalia,Arthropoda,Insecta,Coleoptera,Ciidae,Ceracis,Ceracis californicus,0,Ennearthron coloradensis,"Ennearthron coloradensis Casey, 1917",1045576,SYNONYM,,"Casey, 1917","Dury, C., 1917: Synopsis of the coleopterous family Cisidae (Cioidae) of America north of Mexico. Journal of the Cincinnati Society of Natural History, vol. 22., no. 2. 1-27."
1045568,"Ceracis californicus (Casey, 1884)",Ceracis californicus,SPECIES,ACCEPTED,Animalia,Arthropoda,Insecta,Coleoptera,Ciidae,Ceracis,Ceracis californicus,0,Ennearthron convergens,"Ennearthron convergens Casey, 1898",1045571,SYNONYM,,"Casey, 1898",
1045568,"Ceracis californicus (Casey, 1884)",Ceracis californicus,SPECIES,ACCEPTED,Animalia,Arthropoda,Insecta,Coleoptera,Ciidae,Ceracis,Ceracis californicus,0,Ennearthron discolor,"Ennearthron discolor Casey, 1898",1045573,SYNONYM,,"Casey, 1898","Casey, Tos. L., 1898: Studies in the Ptinidae, Cioidae, and Sphindidae of America. Journal of the New York Entomological Society, vol. 6, no. 2. 61-93."
1045568,"Ceracis californicus (Casey, 1884)",Ceracis californicus,SPECIES,ACCEPTED,Animalia,Arthropoda,Insecta,Coleoptera,Ciidae,Ceracis,Ceracis californicus,0,Ennearthron grossulus,"Ennearthron grossulus Casey, 1898",1045577,SYNONYM,,"Casey, 1898","Casey, Tos. L., 1898: Studies in the Ptinidae, Cioidae, and Sphindidae of America. Journal of the New York Entomological Society, vol. 6, no. 2. 61-93."
1045568,"Ceracis californicus (Casey, 1884)",Ceracis californicus,SPECIES,ACCEPTED,Animalia,Arthropoda,Insecta,Coleoptera,Ciidae,Ceracis,Ceracis californicus,0,Ennearthron oregonus,"Ennearthron oregonus Dury, 1917",1045575,SYNONYM,,"Dury, 1917","Dury, C., 1917: Synopsis of the coleopterous family Cisidae (Cioidae) of America north of Mexico. Journal of the Cincinnati Society of Natural History, vol. 22., no. 2. 1-27."
6958413,"Ceracis castaneipennis (Mellié, 1848)",Ceracis castaneipennis,SPECIES,ACCEPTED,Animalia,Arthropoda,Insecta,Coleoptera,Ciidae,Ceracis,Ceracis castaneipennis,0,Ceracis ater,"Ceracis ater Pic, 1922",6958414,SYNONYM,,"Pic, 1922",
6958413,"Ceracis castaneipennis (Mellié, 1848)",Ceracis castaneipennis,SPECIES,ACCEPTED,Animalia,Arthropoda,Insecta,Coleoptera,Ciidae,Ceracis,Ceracis castaneipennis,0,Ceracis rufipes,"Ceracis rufipes Pic, 1922",6958415,SYNONYM,,"Pic, 1922",
6958421,"Ceracis cornifer (Mellié, 1849)",Ceracis cornifer,SPECIES,ACCEPTED,Animalia,Arthropoda,Insecta,Coleoptera,Ciidae,Ceracis,Ceracis cornifer,1,Ceracis cylindricus,"Ceracis cylindricus (Brèthes, 1922)",6958387,SYNONYM,,"(Brèthes, 1922) ",
6958421,"Ceracis cornifer (Mellié, 1849)",Ceracis cornifer,SPECIES,ACCEPTED,Animalia,Arthropoda,Insecta,Coleoptera,Ciidae,Ceracis,Ceracis cornifer,1,Ceracis simplicicornis,"Ceracis simplicicornis (Pic, 1916)",6958384,SYNONYM,,"(Pic, 1916) ",
6958421,"Ceracis cornifer (Mellié, 1849)",Ceracis cornifer,SPECIES,ACCEPTED,Animalia,Arthropoda,Insecta,Coleoptera,Ciidae,Ceracis,Ceracis cornifer,1,Ennearthron corniferum,"Ennearthron corniferum Mellié, 1849",10313159,SYNONYM,,"Mellié, 1849",
6958421,"Ceracis cornifer (Mellié, 1849)",Ceracis cornifer,SPECIES,ACCEPTED,Animalia,Arthropoda,Insecta,Coleoptera,Ciidae,Ceracis,Ceracis cornifer,1,Ennearthron cylindricum,"Ennearthron cylindricum Brèthes, 1922",6958388,SYNONYM,,"Brèthes, 1922",
6958421,"Ceracis cornifer (Mellié, 1849)",Ceracis cornifer,SPECIES,ACCEPTED,Animalia,Arthropoda,Insecta,Coleoptera,Ciidae,Ceracis,Ceracis cornifer,1,Ennearthron simplicicorne,"Ennearthron simplicicorne Pic, 1916",9975149,SYNONYM,,"Pic, 1916",
6958403,"Ceracis cucullatus (Mellié, 1849)",Ceracis cucullatus,SPECIES,ACCEPTED,Animalia,Arthropoda,Insecta,Coleoptera,Ciidae,Ceracis,Ceracis cucullatus,1,Ennearthron cucullatum,"Ennearthron cucullatum Mellié, 1849",6958407,SYNONYM,,"Mellié, 1849",
1045556,"Ceracis curtus (Mellié, 1848)",Ceracis curtus,SPECIES,ACCEPTED,Animalia,Arthropoda,Insecta,Coleoptera,Ciidae,Ceracis,Ceracis curtus,0,Ceracis compactus,"Ceracis compactus (Dury, 1917)",1045557,SYNONYM,,"(Dury, 1917) ",
1045556,"Ceracis curtus (Mellié, 1848)",Ceracis curtus,SPECIES,ACCEPTED,Animalia,Arthropoda,Insecta,Coleoptera,Ciidae,Ceracis,Ceracis curtus,0,Ceracis obesus,"Ceracis obesus (Mellié, 1848)",1045561,SYNONYM,,"(Mellié, 1848) ",
1045556,"Ceracis curtus (Mellié, 1848)",Ceracis curtus,SPECIES,ACCEPTED,Animalia,Arthropoda,Insecta,Coleoptera,Ciidae,Ceracis,Ceracis curtus,0,Cis obesus,"Cis obesus Mellié, 1848",1045559,SYNONYM,,"Mellié, 1848","Mellié, J., 1848: Monographie de l'ancien genre Cis des auteurs. Annales de la Society Entomologique de France, ser. 2, vol. 6. 205-574,313-396."
1045556,"Ceracis curtus (Mellié, 1848)",Ceracis curtus,SPECIES,ACCEPTED,Animalia,Arthropoda,Insecta,Coleoptera,Ciidae,Ceracis,Ceracis curtus,0,Ennearthron compactus,"Ennearthron compactus Dury, 1917",1045560,SYNONYM,,"Dury, 1917","Dury, C., 1917: Synopsis of the coleopterous family Cisidae (Cioidae) of America north of Mexico. Journal of the Cincinnati Society of Natural History, vol. 22., no. 2. 1-27."
1045556,"Ceracis curtus (Mellié, 1848)",Ceracis curtus,SPECIES,ACCEPTED,Animalia,Arthropoda,Insecta,Coleoptera,Ciidae,Ceracis,Ceracis curtus,0,Ennearthron curtus,"Ennearthron curtus Mellié, 1848",1045558,SYNONYM,,"Mellié, 1848","Mellié, J., 1848: Monographie de l'ancien genre Cis des auteurs. Annales de la Society Entomologique de France, ser. 2, vol. 6. 205-574,313-396."
1045562,"Ceracis dixiensis (Tanner, 1934)",Ceracis dixiensis,SPECIES,ACCEPTED,Animalia,Arthropoda,Insecta,Coleoptera,Ciidae,Ceracis,Ceracis dixiensis,0,Octotemnus dixiensis,"Octotemnus dixiensis Tanner, 1934",1045563,SYNONYM,,"Tanner, 1934","Tanner, V. M., 1934: Coleoptera of Zion National Park, no. 2. Annals of the Entomological Society of America, vol. 27. 43-49."
6958411,"Ceracis furcifer Mellié, 1849",Ceracis furcifer,SPECIES,ACCEPTED,Animalia,Arthropoda,Insecta,Coleoptera,Ciidae,Ceracis,Ceracis furcifer,1,Ennearthron furcifer,"Ennearthron furcifer Mellié, 1849",9882007,SYNONYM,,"Mellié, 1849",
6958419,"Ceracis militaris (Mellié, 1849)",Ceracis militaris,SPECIES,ACCEPTED,Animalia,Arthropoda,Insecta,Coleoptera,Ciidae,Ceracis,Ceracis militaris,0,Ennearthron militaris,"Ennearthron militaris Mellié, 1849",10558307,SYNONYM,,"Mellié, 1849",
1045580,"Ceracis minutissimus (Mellié, 1848)",Ceracis minutissimus,SPECIES,ACCEPTED,Animalia,Arthropoda,Insecta,Coleoptera,Ciidae,Ceracis,Ceracis minutissimus,0,Cis minutissimus,"Cis minutissimus Mellié, 1848",1045581,SYNONYM,,"Mellié, 1848","Mellié, J., 1848: Monographie de l'ancien genre Cis des auteurs. Annales de la Society Entomologique de France, ser. 2, vol. 6. 205-574,313-396."
1045582,"Ceracis monocerus Lawrence, 1967",Ceracis monocerus,SPECIES,ACCEPTED,Animalia,Arthropoda,Insecta,Coleoptera,Ciidae,Ceracis,Ceracis monocerus,0,Ceracis unicorne,"Ceracis unicorne (Casey, 1898)",1045585,SYNONYM,,"(Casey, 1898) ",
1045582,"Ceracis monocerus Lawrence, 1967",Ceracis monocerus,SPECIES,ACCEPTED,Animalia,Arthropoda,Insecta,Coleoptera,Ciidae,Ceracis,Ceracis monocerus,0,Ceracis unicornis,"Ceracis unicornis (Casey, 1898)",1045584,SYNONYM,,"(Casey, 1898) ",
1045582,"Ceracis monocerus Lawrence, 1967",Ceracis monocerus,SPECIES,ACCEPTED,Animalia,Arthropoda,Insecta,Coleoptera,Ciidae,Ceracis,Ceracis monocerus,0,Ennearthron unicorne,"Ennearthron unicorne Casey, 1898",6958402,SYNONYM,,"Casey, 1898",
1045582,"Ceracis monocerus Lawrence, 1967",Ceracis monocerus,SPECIES,ACCEPTED,Animalia,Arthropoda,Insecta,Coleoptera,Ciidae,Ceracis,Ceracis monocerus,0,Ennearthron unicornis,"Ennearthron unicornis Casey, 1898",1045583,SYNONYM,,"Casey, 1898","Casey, Tos. L., 1898: Studies in the Ptinidae, Cioidae, and Sphindidae of America. Journal of the New York Entomological Society, vol. 6, no. 2. 61-93."
1045586,"Ceracis multipunctatus (Mellié, 1848)",Ceracis multipunctatus,SPECIES,ACCEPTED,Animalia,Arthropoda,Insecta,Coleoptera,Ciidae,Ceracis,Ceracis multipunctatus,0,Ennearthron multipunctatus,"Ennearthron multipunctatus Mellié, 1848",1045587,SYNONYM,,"Mellié, 1848","Mellié, J., 1848: Monographie de l'ancien genre Cis des auteurs. Annales de la Society Entomologique de France, ser. 2, vol. 6. 205-574,313-396."
6958391,"Ceracis nigricans (Fauvel, 1904)",Ceracis nigricans,SPECIES,ACCEPTED,Animalia,Arthropoda,Insecta,Coleoptera,Ciidae,Ceracis,Ceracis nigricans,0,Ennearthron nigricans,"Ennearthron nigricans Fauvel, 1904",6958392,SYNONYM,,"Fauvel, 1904",
1045613,"Ceracis pullulus (Casey, 1898)",Ceracis pullulus,SPECIES,ACCEPTED,Animalia,Arthropoda,Insecta,Coleoptera,Ciidae,Ceracis,Ceracis pullulus,0,Ennearthron pullulus,"Ennearthron pullulus Casey, 1898",1045614,SYNONYM,,"Casey, 1898","Casey, Tos. L., 1898: Studies in the Ptinidae, Cioidae, and Sphindidae of America. Journal of the New York Entomological Society, vol. 6, no. 2. 61-93."
1045592,"Ceracis sallei (Mellié, 1848)",Ceracis sallei,SPECIES,ACCEPTED,Animalia,Arthropoda,Insecta,Coleoptera,Ciidae,Ceracis,Ceracis sallei,1,Ceracis sellei,"Ceracis sellei (Mellié, 1848)",1045593,SYNONYM,,"(Mellié, 1848) ",
1045592,"Ceracis sallei (Mellié, 1848)",Ceracis sallei,SPECIES,ACCEPTED,Animalia,Arthropoda,Insecta,Coleoptera,Ciidae,Ceracis,Ceracis sallei,1,Ennearthron sallei,"Ennearthron sallei Mellié, 1848",1045594,SYNONYM,,"Mellié, 1848","Mellié, J., 1848: Monographie de l'ancien genre Cis des auteurs. Annales de la Society Entomologique de France, ser. 2, vol. 6. 205-574,313-396."
1045616,"Ceracis singularis (Dury, 1917)",Ceracis singularis,SPECIES,ACCEPTED,Animalia,Arthropoda,Insecta,Coleoptera,Ciidae,Ceracis,Ceracis singularis,1,Xestocis singularis,"Xestocis singularis Dury, 1917",4990320,SYNONYM,,"Dury, 1917","Dury, C., 1917: Synopsis of the coleopterous family Cisidae (Cioidae) of America north of Mexico. Journal of the Cincinnati Society of Natural History, vol. 22., no. 2. 1-27."
1045596,"Ceracis thoracicornis (Ziegler, 1845)",Ceracis thoracicornis,SPECIES,ACCEPTED,Animalia,Arthropoda,Insecta,Coleoptera,Ciidae,Ceracis,Ceracis thoracicornis,1,Ceracis bifoveatus,"Ceracis bifoveatus Dury, 1917",1045606,SYNONYM,,"Dury, 1917","Dury, C., 1917: Synopsis of the coleopterous family Cisidae (Cioidae) of America north of Mexico. Journal of the Cincinnati Society of Natural History, vol. 22., no. 2. 1-27."
1045596,"Ceracis thoracicornis (Ziegler, 1845)",Ceracis thoracicornis,SPECIES,ACCEPTED,Animalia,Arthropoda,Insecta,Coleoptera,Ciidae,Ceracis,Ceracis thoracicornis,1,Ceracis laminifrons,"Ceracis laminifrons (Casey, 1898)",1045599,SYNONYM,,"(Casey, 1898) ",
1045596,"Ceracis thoracicornis (Ziegler, 1845)",Ceracis thoracicornis,SPECIES,ACCEPTED,Animalia,Arthropoda,Insecta,Coleoptera,Ciidae,Ceracis,Ceracis thoracicornis,1,Ceracis mellyi,"Ceracis mellyi (Mellié, 1848)",1045602,SYNONYM,,"(Mellié, 1848) ",
1045596,"Ceracis thoracicornis (Ziegler, 1845)",Ceracis thoracicornis,SPECIES,ACCEPTED,Animalia,Arthropoda,Insecta,Coleoptera,Ciidae,Ceracis,Ceracis thoracicornis,1,Ceracis oblongus,"Ceracis oblongus Blatchley, 1910",1045605,SYNONYM,,"Blatchley, 1910","Blatchley, W. S., 1910: An illustrated descriptive catalogue of the Coleoptera or beetles (exclusive of the Rhynchophora) known to occur in Indiana with bibliography and descriptions of new species.. Bulletin, no. 1. 1386."
1045596,"Ceracis thoracicornis (Ziegler, 1845)",Ceracis thoracicornis,SPECIES,ACCEPTED,Animalia,Arthropoda,Insecta,Coleoptera,Ciidae,Ceracis,Ceracis thoracicornis,1,Ceracis piceus,"Ceracis piceus (Casey, 1898)",1045609,SYNONYM,,"(Casey, 1898) ",
1045596,"Ceracis thoracicornis (Ziegler, 1845)",Ceracis thoracicornis,SPECIES,ACCEPTED,Animalia,Arthropoda,Insecta,Coleoptera,Ciidae,Ceracis,Ceracis thoracicornis,1,Ceracis pumicatus,"Ceracis pumicatus (Mellié, 1848)",1045598,SYNONYM,,"(Mellié, 1848) ",
1045596,"Ceracis thoracicornis (Ziegler, 1845)",Ceracis thoracicornis,SPECIES,ACCEPTED,Animalia,Arthropoda,Insecta,Coleoptera,Ciidae,Ceracis,Ceracis thoracicornis,1,Ceracis thoracicinus,"Ceracis thoracicinus Sherborn, 1931",1045611,SYNONYM,,"Sherborn, 1931","Sherborn, C., 1931: null. Index animalium. Section 2, Part 26. 6363-6582."
1045596,"Ceracis thoracicornis (Ziegler, 1845)",Ceracis thoracicornis,SPECIES,ACCEPTED,Animalia,Arthropoda,Insecta,Coleoptera,Ciidae,Ceracis,Ceracis thoracicornis,1,Ceracis thoracicus,"Ceracis thoracicus Dalla Torre, 1911",1045601,SYNONYM,,"Dalla Torre, 1911","Dalla Torre, K. W. von / Schenkling, ed., 1911: Cioidae. Coleopterum catalogus, pt. 30, vol. 16. 32."
1045596,"Ceracis thoracicornis (Ziegler, 1845)",Ceracis thoracicornis,SPECIES,ACCEPTED,Animalia,Arthropoda,Insecta,Coleoptera,Ciidae,Ceracis,Ceracis thoracicornis,1,Ceracis unicolor,"Ceracis unicolor (Casey, 1884)",1045603,SYNONYM,,"(Casey, 1884) ",
1045596,"Ceracis thoracicornis (Ziegler, 1845)",Ceracis thoracicornis,SPECIES,ACCEPTED,Animalia,Arthropoda,Insecta,Coleoptera,Ciidae,Ceracis,Ceracis thoracicornis,1,Cis thoracicornis,"Cis thoracicornis Ziegler, 1845",1045597,SYNONYM,,"Ziegler, 1845","Ziegler, D., 1845: Descriptions of new North American Coleoptera. Proceedings of the Academy of Natural Sciences of Philadelphia, vol. 2. 266-272."
1045596,"Ceracis thoracicornis (Ziegler, 1845)",Ceracis thoracicornis,SPECIES,ACCEPTED,Animalia,Arthropoda,Insecta,Coleoptera,Ciidae,Ceracis,Ceracis thoracicornis,1,Ennearthron laminifrons,"Ennearthron laminifrons Casey, 1898",1045604,SYNONYM,,"Casey, 1898","Casey, Tos. L., 1898: Studies in the Ptinidae, Cioidae, and Sphindidae of America. Journal of the New York Entomological Society, vol. 6, no. 2. 61-93."
1045596,"Ceracis thoracicornis (Ziegler, 1845)",Ceracis thoracicornis,SPECIES,ACCEPTED,Animalia,Arthropoda,Insecta,Coleoptera,Ciidae,Ceracis,Ceracis thoracicornis,1,Ennearthron mellyi,"Ennearthron mellyi Mellié, 1848",1045607,SYNONYM,,"Mellié, 1848",
1045596,"Ceracis thoracicornis (Ziegler, 1845)",Ceracis thoracicornis,SPECIES,ACCEPTED,Animalia,Arthropoda,Insecta,Coleoptera,Ciidae,Ceracis,Ceracis thoracicornis,1,Ennearthron oblongus,"Ennearthron oblongus Blatchley, 1910",1045610,SYNONYM,,"Blatchley, 1910",
1045596,"Ceracis thoracicornis (Ziegler, 1845)",Ceracis thoracicornis,SPECIES,ACCEPTED,Animalia,Arthropoda,Insecta,Coleoptera,Ciidae,Ceracis,Ceracis thoracicornis,1,Ennearthron piceus,"Ennearthron piceus Casey, 1898",1045600,SYNONYM,,"Casey, 1898","Casey, Tos. L., 1898: Studies in the Ptinidae, Cioidae, and Sphindidae of America. Journal of the New York Entomological Society, vol. 6, no. 2. 61-93."
1045596,"Ceracis thoracicornis (Ziegler, 1845)",Ceracis thoracicornis,SPECIES,ACCEPTED,Animalia,Arthropoda,Insecta,Coleoptera,Ciidae,Ceracis,Ceracis thoracicornis,1,Ennearthron unicolor,"Ennearthron unicolor Casey, 1884",1045608,SYNONYM,,"Casey, 1884",
4456411,"Rhopalodontus baudueri Abeille de Perrin, 1874",Rhopalodontus baudueri,SPECIES,ACCEPTED,Animalia,Arthropoda,Insecta,Coleoptera,Ciidae,Rhopalodontus,Rhopalodontus baudueri,0,Ropalodontus baudueri,"Ropalodontus baudueri (Abeille de Perrin, 1874)",6958021,SYNONYM,,"(Abeille de Perrin, 1874) ",
1045795,"Rhopalodontus perforatus (Gyllenhal, 1813)",Rhopalodontus perforatus,SPECIES,ACCEPTED,Animalia,Arthropoda,Insecta,Coleoptera,Ciidae,Rhopalodontus,Rhopalodontus perforatus,3,Ropalodontus perforatus,"Ropalodontus perforatus (Gyllenhal, 1813)",6958023,SYNONYM,,"(Gyllenhal, 1813) ",
4456408,"Rhopalodontus strandi Lohse, 1969",Rhopalodontus strandi,SPECIES,ACCEPTED,Animalia,Arthropoda,Insecta,Coleoptera,Ciidae,Rhopalodontus,Rhopalodontus strandi,1,Ropalodontus strandi,"Ropalodontus strandi Lohse, 1969",6958019,SYNONYM,,"Lohse, 1969",
4456387,"Orthocis coluber (Abeille, 1874)",Orthocis coluber,SPECIES,ACCEPTED,Animalia,Arthropoda,Insecta,Coleoptera,Ciidae,Orthocis,Orthocis coluber,0,Orthocis latifrons,"Orthocis latifrons (Pool, 1917)",11256284,SYNONYM,,"(Pool, 1917) ",
4456390,"Orthocis linearis (J.Sahlberg, 1900)",Orthocis linearis,SPECIES,ACCEPTED,Animalia,Arthropoda,Insecta,Coleoptera,Ciidae,Orthocis,Orthocis linearis,1,Cis perrisi,"Cis perrisi Abeille de Perrin, 1874",4456471,SYNONYM,,"Abeille de Perrin, 1874",
4456390,"Orthocis linearis (J.Sahlberg, 1900)",Orthocis linearis,SPECIES,ACCEPTED,Animalia,Arthropoda,Insecta,Coleoptera,Ciidae,Orthocis,Orthocis linearis,1,Orthocis perrisi,Orthocis perrisi,6958523,SYNONYM,,,
1045552,"Orthocis punctatus (Mellié, 1848)",Orthocis punctatus,SPECIES,ACCEPTED,Animalia,Arthropoda,Insecta,Coleoptera,Ciidae,Orthocis,Orthocis punctatus,2,Cis punctatus,"Cis punctatus Mellié, 1848",1045554,SYNONYM,,"Mellié, 1848",
1045552,"Orthocis punctatus (Mellié, 1848)",Orthocis punctatus,SPECIES,ACCEPTED,Animalia,Arthropoda,Insecta,Coleoptera,Ciidae,Orthocis,Orthocis punctatus,2,Orthocis aterrimus,"Orthocis aterrimus Casey, 1898",1045553,SYNONYM,,"Casey, 1898","Casey, Tos. L., 1898: Studies in the Ptinidae, Cioidae, and Sphindidae of America. Journal of the New York Entomological Society, vol. 6, no. 2. 61-93."
6958553,"Orthocis testaceofasciatus (Pic, 1922)",Orthocis testaceofasciatus,SPECIES,ACCEPTED,Animalia,Arthropoda,Insecta,Coleoptera,Ciidae,Orthocis,Orthocis testaceofasciatus,0,Cis testaceofasciatus,"Cis testaceofasciatus Pic, 1922",6958554,SYNONYM,,"Pic, 1922",
1045548,"Orthocis transversatus (Kraus, 1908)",Orthocis transversatus,SPECIES,ACCEPTED,Animalia,Arthropoda,Insecta,Coleoptera,Ciidae,Orthocis,Orthocis transversatus,0,Ennearthron pallidus,"Ennearthron pallidus Kraus, 1908",1045550,SYNONYM,,"Kraus, 1908","Kraus, E. J., 1908: New bicolored Cioidae (Coleoptera). Proceedings of the Entomological Society of Washington, vol. 10. 74-81."
1045548,"Orthocis transversatus (Kraus, 1908)",Orthocis transversatus,SPECIES,ACCEPTED,Animalia,Arthropoda,Insecta,Coleoptera,Ciidae,Orthocis,Orthocis transversatus,0,Ennearthron transversatus,"Ennearthron transversatus Kraus, 1908",1045549,SYNONYM,,"Kraus, 1908","Kraus, E. J., 1908: New bicolored Cioidae (Coleoptera). Proceedings of the Entomological Society of Washington, vol. 10. 74-81."
1045548,"Orthocis transversatus (Kraus, 1908)",Orthocis transversatus,SPECIES,ACCEPTED,Animalia,Arthropoda,Insecta,Coleoptera,Ciidae,Orthocis,Orthocis transversatus,0,Orthocis pallidus,"Orthocis pallidus (Kraus, 1908)",1045551,SYNONYM,,"(Kraus, 1908) ",
4456362,"Ennearthron cornutum (Gyllenhal, 1827)",Ennearthron cornutum,SPECIES,ACCEPTED,Animalia,Arthropoda,Insecta,Coleoptera,Ciidae,Ennearthron,Ennearthron cornutum,1,Cis cornutus,Cis cornutus Gullenhal,8055343,SYNONYM,,Gullenhal,
4456362,"Ennearthron cornutum (Gyllenhal, 1827)",Ennearthron cornutum,SPECIES,ACCEPTED,Animalia,Arthropoda,Insecta,Coleoptera,Ciidae,Ennearthron,Ennearthron cornutum,1,Ennearthron concinnum,"Ennearthron concinnum (Marsham, 1802)",11323168,SYNONYM,,"(Marsham, 1802) ",
4456364,"Ennearthron palmi Lohse, 1966",Ennearthron palmi,SPECIES,ACCEPTED,Animalia,Arthropoda,Insecta,Coleoptera,Ciidae,Ennearthron,Ennearthron palmi,0,Cis filum,"Cis filum Abeille de Perrin, 1874",6958443,SYNONYM,,"Abeille de Perrin, 1874",
4456364,"Ennearthron palmi Lohse, 1966",Ennearthron palmi,SPECIES,ACCEPTED,Animalia,Arthropoda,Insecta,Coleoptera,Ciidae,Ennearthron,Ennearthron palmi,0,Ennearthron filum,Ennearthron filum,4456368,SYNONYM,,,
1045635,"Ennearthron spenceri (Hatch, 1962)",Ennearthron spenceri,SPECIES,ACCEPTED,Animalia,Arthropoda,Insecta,Coleoptera,Ciidae,Ennearthron,Ennearthron spenceri,0,Plesiocis spenceri,"Plesiocis spenceri Hatch, 1962",1045636,SYNONYM,,"Hatch, 1962","Hatch, M. H., 1961: The Beetles of the Pacific Northwest. University of Washington Publications in Biology, vol. 16, pt. 3. ix + 503."
6958506,"Xylographus corpulentus Mellié, 1849",Xylographus corpulentus,SPECIES,ACCEPTED,Animalia,Arthropoda,Insecta,Coleoptera,Ciidae,Xylographus,Xylographus corpulentus,0,Xylographus lemoulti,"Xylographus lemoulti Pic, 1916",6958499,SYNONYM,,"Pic, 1916",
6958506,"Xylographus corpulentus Mellié, 1849",Xylographus corpulentus,SPECIES,ACCEPTED,Animalia,Arthropoda,Insecta,Coleoptera,Ciidae,Xylographus,Xylographus corpulentus,0,Xylographus richardi,"Xylographus richardi Mellié, 1848",6958484,SYNONYM,,"Mellié, 1848",
6958501,"Xylographus subsinuatus Pic, 1916",Xylographus subsinuatus,SPECIES,ACCEPTED,Animalia,Arthropoda,Insecta,Coleoptera,Ciidae,Xylographus,Xylographus subsinuatus,0,Xylographus rufescens,"Xylographus rufescens Pic, 1921",6958515,SYNONYM,,"Pic, 1921",
9502905,"Ooides denudatus (Bode, 1953)",Ooides denudatus,SPECIES,ACCEPTED,Animalia,Arthropoda,Insecta,Coleoptera,,Ooidellus,Ooides denudatus,0,Ooidellus denudatus,"Ooidellus denudatus (Bode, 1953)",8465810,SYNONYM,,"(Bode, 1953) ",
9484701,"Zherikhinia distylia Kantoh & Kojima, 2011",Zherikhinia distylia,SPECIES,ACCEPTED,Animalia,Arthropoda,Insecta,Coleoptera,Nanophyidae,Zherikhinia,Zherikhinia distylia,0,Nanophyes formosensis,"Nanophyes formosensis Kono, 1930",5009271,SYNONYM,,"Kono, 1930",
9484701,"Zherikhinia distylia Kantoh & Kojima, 2011",Zherikhinia distylia,SPECIES,ACCEPTED,Animalia,Arthropoda,Insecta,Coleoptera,Nanophyidae,Zherikhinia,Zherikhinia distylia,0,Zherikhinia formosensis,"Zherikhinia formosensis (Kono, 1930)",5737569,SYNONYM,,"(Kono, 1930) ",
5737568,"Pseudorobitis axeli (Alonso-Zarazaga, 1989)",Pseudorobitis axeli,SPECIES,ACCEPTED,Animalia,Arthropoda,Insecta,Coleoptera,Nanophyidae,Pseudorobitis,Pseudorobitis axeli,0,Temnalysis axeli,"Temnalysis axeli Alonso-Zarazaga, 1989",11247285,SYNONYM,,"Alonso-Zarazaga, 1989",
5737567,"Pseudorobitis miwai (Kono, 1930)",Pseudorobitis miwai,SPECIES,ACCEPTED,Animalia,Arthropoda,Insecta,Coleoptera,Nanophyidae,Pseudorobitis,Pseudorobitis miwai,0,Nanophyes miwai,"Nanophyes miwai Kono, 1930",5009347,SYNONYM,,"Kono, 1930",
4469579,"Nanomimus hemisphaericus (Olivier, 1807)",Nanomimus hemisphaericus,SPECIES,ACCEPTED,Animalia,Arthropoda,Insecta,Coleoptera,Nanophyidae,Nanomimus,Nanomimus hemisphaericus,0,Nanophyes hemisphaericus,"Nanophyes hemisphaericus (Olivier, 1807)",5009266,SYNONYM,,"(Olivier, 1807) ",
9557527,"Kantohia taiwana (Kantoh & Kojima, 2009)",Kantohia taiwana,SPECIES,ACCEPTED,Animalia,Arthropoda,Insecta,Coleoptera,Nanophyidae,Kantohia,Kantohia taiwana,0,Shiva taiwanus,"Shiva taiwanus Kantoh & Kojima, 2009",5737570,SYNONYM,,"Kantoh & Kojima, 2009",
9422259,"Dieckmanniellus chevrieri (Boheman, 1845)",Dieckmanniellus chevrieri,SPECIES,ACCEPTED,Animalia,Arthropoda,Insecta,Coleoptera,Nanophyidae,Dieckmanniellus,Dieckmanniellus chevrieri,0,Dieckmanniellus helveticus,"Dieckmanniellus helveticus (Tournier, 1867)",4469616,SYNONYM,,"(Tournier, 1867) ",
4469637,"Dieckmanniellus gracilis (Redtenbacher, 1849)",Dieckmanniellus gracilis,SPECIES,ACCEPTED,Animalia,Arthropoda,Insecta,Coleoptera,Nanophyidae,Dieckmanniellus,Dieckmanniellus gracilis,0,Dieckmaniellus gracilis,"Dieckmaniellus gracilis (Redtenbacher, 1849)",11309855,SYNONYM,,"(Redtenbacher, 1849) ",
4469637,"Dieckmanniellus gracilis (Redtenbacher, 1849)",Dieckmanniellus gracilis,SPECIES,ACCEPTED,Animalia,Arthropoda,Insecta,Coleoptera,Nanophyidae,Dieckmanniellus,Dieckmanniellus gracilis,0,Nanodes gracilis,"Nanodes gracilis (Redtenbacher, 1849)",11243082,SYNONYM,,"(Redtenbacher, 1849) ",
9356010,"Chibizo formosensis (Kono, 1930)",Chibizo formosensis,SPECIES,ACCEPTED,Animalia,Arthropoda,Insecta,Coleoptera,Nanophyidae,Chibizo,Chibizo formosensis,0,Nanophyes basilineatus,"Nanophyes basilineatus Heller, 1931",5009340,SYNONYM,,"Heller, 1931",
