species,oldSpeciesCanonicalName,similarity,prediction,model,threshold,label
Orphinus fulvipes,Heterocerus caledoniae,0.4199,not synonym,sentence-transformers/all-mpnet-base-v2,0.7,0
Hycleus brevetarsalis,Mylabris brevetarsalis,0.6346,not synonym,sentence-transformers/all-mpnet-base-v2,0.7,1
Ceracis californicus,Meloe punctatoradiatus,0.4822,not synonym,sentence-transformers/all-mpnet-base-v2,0.7,0
Meloe rugosus,Meloe rugulosus,0.9562,synonym,sentence-transformers/all-mpnet-base-v2,0.7,1
Heterocerus crinitus,Ennearthron nigricans,0.4646,not synonym,sentence-transformers/all-mpnet-base-v2,0.7,0
Ceracis curtus,Ceracis obesus,0.8535,synonym,sentence-transformers/all-mpnet-base-v2,0.7,1
Cis tristis,Cis falli,0.5193,not synonym,sentence-transformers/all-mpnet-base-v2,0.7,1
Orthocis punctatus,Orthocis aterrimus,0.8286,synonym,sentence-transformers/all-mpnet-base-v2,0.7,1
Ceracis curtus,Ropalodontus strandi,0.4453,not synonym,sentence-transformers/all-mpnet-base-v2,0.7,0
Ceracis californicus,Cis minutissimus,0.3537,not synonym,sentence-transformers/all-mpnet-base-v2,0.7,0
Trogoderma glabrum,Trogoderma fuscicornis,0.8831,synonym,sentence-transformers/all-mpnet-base-v2,0.7,1
Trogoderma grassmani,Xestocis singularis,0.3273,not synonym,sentence-transformers/all-mpnet-base-v2,0.7,0
Labrocerus similaris,Rhopalodontus fronticornis,0.5276,not synonym,sentence-transformers/all-mpnet-base-v2,0.7,0
Ceracis californicus,Ennearthron affine,0.1345,not synonym,sentence-transformers/all-mpnet-base-v2,0.7,0
Ceracis thoracicornis,Ennearthron filum,0.4824,not synonym,sentence-transformers/all-mpnet-base-v2,0.7,0
Meloe rugosus,Ceracis laminifrons,0.4715,not synonym,sentence-transformers/all-mpnet-base-v2,0.7,0
Ceracis californicus,Ceracis bifoveatus,0.8152,synonym,sentence-transformers/all-mpnet-base-v2,0.7,0
Cybocephalus sublucidus,Brachypterus sublucidus,0.5948,not synonym,sentence-transformers/all-mpnet-base-v2,0.7,1
Xylographus subsinuatus,Ennearthron cylindricum,0.3343,not synonym,sentence-transformers/all-mpnet-base-v2,0.7,0
Cis ephippiatus,Ennearthron militaris,0.3052,not synonym,sentence-transformers/all-mpnet-base-v2,0.7,0
Palaestra guerini,Telephorus guerinii,0.5,not synonym,sentence-transformers/all-mpnet-base-v2,0.7,1
Malacocis brevicollis,Brachycis brevicollis,0.6861,not synonym,sentence-transformers/all-mpnet-base-v2,0.7,1
Cycloderma deplanatum,Nanophyes miwai,0.1958,not synonym,sentence-transformers/all-mpnet-base-v2,0.7,0
Cis castaneus,Cis alter,0.6569,not synonym,sentence-transformers/all-mpnet-base-v2,0.7,1
Cis festivus,Attagenus megatoma,0.2024,not synonym,sentence-transformers/all-mpnet-base-v2,0.7,0
Mycterus curculioides,Mycterus curculionoides,0.9953,synonym,sentence-transformers/all-mpnet-base-v2,0.7,1
Zherikhinia distylia,Ceracis grossulus,0.4136,not synonym,sentence-transformers/all-mpnet-base-v2,0.7,0
Hadraule elongatula,Hadraule coarctata,0.5918,not synonym,sentence-transformers/all-mpnet-base-v2,0.7,1
Trogoderma megatomoides,Entomotrogus megatomoides,0.6396,not synonym,sentence-transformers/all-mpnet-base-v2,0.7,1
Ceracis cornifer,Ennearthron piceus,0.4813,not synonym,sentence-transformers/all-mpnet-base-v2,0.7,0
Eurymeloe murinus,Meloe murinus,0.6999,not synonym,sentence-transformers/all-mpnet-base-v2,0.7,1
Theticephalus mesopotamicus,Brachytarsus rosae,0.5164,not synonym,sentence-transformers/all-mpnet-base-v2,0.7,0
Zonitis chrysomeloides,Cantharis chrysomeloides,0.5355,not synonym,sentence-transformers/all-mpnet-base-v2,0.7,1
Protaedus robusticornis,Ennearthron curtus,0.4644,not synonym,sentence-transformers/all-mpnet-base-v2,0.7,0
Sulcacis curtulus,Ennearthron furcifer,0.2333,not synonym,sentence-transformers/all-mpnet-base-v2,0.7,0
Attagenus australis,Attagenus elongatus,0.8504,synonym,sentence-transformers/all-mpnet-base-v2,0.7,0
Ceracis curtus,Cis obesus,0.4941,not synonym,sentence-transformers/all-mpnet-base-v2,0.7,1
Zonitis chrysomeloides,Strigocis davisi,0.3377,not synonym,sentence-transformers/all-mpnet-base-v2,0.7,0
Cybocephalus politissimus,Anthribus minimus,0.3669,not synonym,sentence-transformers/all-mpnet-base-v2,0.7,0
Orphinus fulvipes,Ennearthron pallidus,0.4113,not synonym,sentence-transformers/all-mpnet-base-v2,0.7,0
Strigocis bilimeki,Cis bilimeka,0.5381,not synonym,sentence-transformers/all-mpnet-base-v2,0.7,1
Octotemnus laevis,Trachypachus holmbergi,0.4991,not synonym,sentence-transformers/all-mpnet-base-v2,0.7,0
Hycleus phaleratus,Mylabris phalerata,0.5593,not synonym,sentence-transformers/all-mpnet-base-v2,0.7,1
Ceracis californicus,Ennearthron oregonus,0.564,not synonym,sentence-transformers/all-mpnet-base-v2,0.7,1
Cis striatulus,Cis levellei,0.4616,not synonym,sentence-transformers/all-mpnet-base-v2,0.7,0
Ennearthron cornutum,Ennearthron concinnum,0.631,not synonym,sentence-transformers/all-mpnet-base-v2,0.7,1
Meloe brevicollis,Meloe laticollis,0.9025,synonym,sentence-transformers/all-mpnet-base-v2,0.7,1
Baissophytum amplus,Baissopsis amplus,0.8697,synonym,sentence-transformers/all-mpnet-base-v2,0.7,1
Tophoderes depontanus,Ropalodontus baudueri,0.3326,not synonym,sentence-transformers/all-mpnet-base-v2,0.7,0
Meloe brevicollis,Shiva taiwanus,0.2387,not synonym,sentence-transformers/all-mpnet-base-v2,0.7,0
Attagenus undulatus,Aethriostoma undulata,0.6207,not synonym,sentence-transformers/all-mpnet-base-v2,0.7,1
Cis castlei,Ceracis simplicicornis,0.2724,not synonym,sentence-transformers/all-mpnet-base-v2,0.7,0
Orthocis linearis,Tiresias serra,0.167,not synonym,sentence-transformers/all-mpnet-base-v2,0.7,0
Attagenus fasciatus,Dissia membranaceus,0.4066,not synonym,sentence-transformers/all-mpnet-base-v2,0.7,0
Mycterus curculioides,Hadraule striatulus,0.3795,not synonym,sentence-transformers/all-mpnet-base-v2,0.7,0
Ceracis nigricans,Brachycis brevicollis,0.4912,not synonym,sentence-transformers/all-mpnet-base-v2,0.7,0
Trogoderma grassmani,Trogoderma grassmani,1.0,synonym,sentence-transformers/all-mpnet-base-v2,0.7,1
Dolichocis laricinus,Xylographus rufescens,0.5112,not synonym,sentence-transformers/all-mpnet-base-v2,0.7,0
Cantharis lithophilus,Mycterus curculionides,0.5656,not synonym,sentence-transformers/all-mpnet-base-v2,0.7,0
Heterocerus fenestratus,Xestocis moznettei,0.4016,not synonym,sentence-transformers/all-mpnet-base-v2,0.7,0
Pastillodes areolatus,Meloe ganglbaueri,0.2603,not synonym,sentence-transformers/all-mpnet-base-v2,0.7,0
Hadraule elongatula,Dolichocera tessellatus,0.3222,not synonym,sentence-transformers/all-mpnet-base-v2,0.7,0
Ceracis sallei,Ennearthron sallei,0.5565,not synonym,sentence-transformers/all-mpnet-base-v2,0.7,1
Attagenus fasciatus,Ceracis convergens,0.2865,not synonym,sentence-transformers/all-mpnet-base-v2,0.7,0
Orthocis coluber,Orthocis latifrons,0.7753,synonym,sentence-transformers/all-mpnet-base-v2,0.7,1
Meloe brevicollis,Meloe puncticollis,0.8076,synonym,sentence-transformers/all-mpnet-base-v2,0.7,1
Palaestra guerini,Zonitis guerini,0.3692,not synonym,sentence-transformers/all-mpnet-base-v2,0.7,1
Hadraule elongatula,Hadraule striata,0.625,not synonym,sentence-transformers/all-mpnet-base-v2,0.7,1
Orthocis linearis,Orthocis perrisi,0.6864,not synonym,sentence-transformers/all-mpnet-base-v2,0.7,1
Cantharis lithophilus,Lytta lithophila,0.5529,not synonym,sentence-transformers/all-mpnet-base-v2,0.7,1
Hadraule elongatula,Dzeregia juxta,0.3803,not synonym,sentence-transformers/all-mpnet-base-v2,0.7,0
Sulcacis curtulus,Sulcacis sorror,0.86,synonym,sentence-transformers/all-mpnet-base-v2,0.7,1
Cis striatulus,Cerocoma viridis,0.3598,not synonym,sentence-transformers/all-mpnet-base-v2,0.7,0
Meloe brevicollis,Meloe cephalotes,0.8034,synonym,sentence-transformers/all-mpnet-base-v2,0.7,1
Ceracis californicus,Ennearthron concinnum,0.5435,not synonym,sentence-transformers/all-mpnet-base-v2,0.7,0
Hycleus phaleratus,Meloe phalerata,0.5294,not synonym,sentence-transformers/all-mpnet-base-v2,0.7,1
Ceracis thoracicornis,Ceracis laminifrons,0.7445,synonym,sentence-transformers/all-mpnet-base-v2,0.7,1
Ceracis monocerus,Ceracis unicornis,0.758,synonym,sentence-transformers/all-mpnet-base-v2,0.7,1
Eurymeloe ganglbaueri,Meloe ganglbaueri,0.5453,not synonym,sentence-transformers/all-mpnet-base-v2,0.7,1
Dolichocera tessellata,Xylographus lemoulti,0.4791,not synonym,sentence-transformers/all-mpnet-base-v2,0.7,0
Theticephalus nigriceps,Dissia nigriceps,0.4386,not synonym,sentence-transformers/all-mpnet-base-v2,0.7,1
Ceracis thoracicornis,Cryptorhopalum brevicorne,0.4054,not synonym,sentence-transformers/all-mpnet-base-v2,0.7,0
Ademosynoides juxta,Dzeregia juxta,0.4639,not synonym,sentence-transformers/all-mpnet-base-v2,0.7,1
Meloe cicatricosus,Meloe cicatricosus,1.0,synonym,sentence-transformers/all-mpnet-base-v2,0.7,1
Malacocis brevicollis,Ennearthron coloradensis,0.4281,not synonym,sentence-transformers/all-mpnet-base-v2,0.7,0
Thaumaglossa anthrenoides,Pseudothaumaglossa anthrenoides,0.7313,synonym,sentence-transformers/all-mpnet-base-v2,0.7,1
Zherikhinia distylia,Ceracis mellyi,0.4705,not synonym,sentence-transformers/all-mpnet-base-v2,0.7,0
Rhopalodontus strandi,Attagenus piceus,0.4444,not synonym,sentence-transformers/all-mpnet-base-v2,0.7,0
Archaeophylax worthyi,Waitomophylax worthyi,0.5412,not synonym,sentence-transformers/all-mpnet-base-v2,0.7,1
Ctesias serra,Tiresias serra,0.7952,synonym,sentence-transformers/all-mpnet-base-v2,0.7,1
Dieckmanniellus gracilis,Nanodes gracilis,0.3395,not synonym,sentence-transformers/all-mpnet-base-v2,0.7,1
Attagenus brunneus,Attagenus elongatulus,0.816,synonym,sentence-transformers/all-mpnet-base-v2,0.7,1
Xylographus corpulentus,Trachypachus alticola,0.5364,not synonym,sentence-transformers/all-mpnet-base-v2,0.7,0
Octotemnus laevis,Octotemnus denudatus,0.9012,synonym,sentence-transformers/all-mpnet-base-v2,0.7,1
Meloe rugosus,Meloe punctatus,0.8502,synonym,sentence-transformers/all-mpnet-base-v2,0.7,1
Dolichocera tessellata,Dolichocera tessellatus,0.9847,synonym,sentence-transformers/all-mpnet-base-v2,0.7,1
Idiomerus inflatus,Necromera inflata,0.5132,not synonym,sentence-transformers/all-mpnet-base-v2,0.7,1
Sulcacis curtulus,Cis criddlei,0.2926,not synonym,sentence-transformers/all-mpnet-base-v2,0.7,1
Necronectulus avus,Necronetulus avus,0.9156,synonym,sentence-transformers/all-mpnet-base-v2,0.7,1
Sulcacis fronticornis,Cis fronticornis,0.464,not synonym,sentence-transformers/all-mpnet-base-v2,0.7,1
Attagenus brunneus,Ennearthron convergens,0.1372,not synonym,sentence-transformers/all-mpnet-base-v2,0.7,0
Labrocerus similaris,Argocerus similaris,0.6735,not synonym,sentence-transformers/all-mpnet-base-v2,0.7,1
Ceracis curtus,Ceracis compactus,0.7788,synonym,sentence-transformers/all-mpnet-base-v2,0.7,1
Sulcacis nitidus,Ennearthron affinis,0.4141,not synonym,sentence-transformers/all-mpnet-base-v2,0.7,1
Labrocerus depressus,Eocerus depressus,0.6612,not synonym,sentence-transformers/all-mpnet-base-v2,0.7,1
Systolosoma breve,Meloe puncticollis,0.3317,not synonym,sentence-transformers/all-mpnet-base-v2,0.7,0
Thorictodes heydeni,Thorictodes karanisensis,0.8718,synonym,sentence-transformers/all-mpnet-base-v2,0.7,1
Cybocephalus amplus,Dissia ampla,0.2677,not synonym,sentence-transformers/all-mpnet-base-v2,0.7,1
Sulcacis nitidus,Sulcacis affinis,0.8903,synonym,sentence-transformers/all-mpnet-base-v2,0.7,1
Heterocerus maritimus,Heterocerus britannicus,0.819,synonym,sentence-transformers/all-mpnet-base-v2,0.7,1
Trachypachus gibbsii,Trachypachus californicus,0.8229,synonym,sentence-transformers/all-mpnet-base-v2,0.7,1
Heterocerus crinitus,Theticephalus mesopatamicus,0.4755,not synonym,sentence-transformers/all-mpnet-base-v2,0.7,0
Sulcacis curtulus,Cis alpinus,0.3514,not synonym,sentence-transformers/all-mpnet-base-v2,0.7,0
Ceracis thoracicornis,Ceracis ater,0.6507,not synonym,sentence-transformers/all-mpnet-base-v2,0.7,0
Ceracis thoracicornis,Ennearthron laminifrons,0.3416,not synonym,sentence-transformers/all-mpnet-base-v2,0.7,1
Ceracis minutissimus,Nanophyes basilineatus,0.3834,not synonym,sentence-transformers/all-mpnet-base-v2,0.7,0
Idiomerus intermedius,Ennearthron oregonus,0.3964,not synonym,sentence-transformers/all-mpnet-base-v2,0.7,0
Sefrania bleusei,Heterocerus britannicus,0.4937,not synonym,sentence-transformers/all-mpnet-base-v2,0.7,0
Mycterus quadricollis,Meloe autumnalis,0.2451,not synonym,sentence-transformers/all-mpnet-base-v2,0.7,0
Cis krausi,Strongulites stygicus,0.1529,not synonym,sentence-transformers/all-mpnet-base-v2,0.7,0
Octotemnus laevis,Cis punctatus,0.4369,not synonym,sentence-transformers/all-mpnet-base-v2,0.7,0
Ceracis californicus,Attagenus gloriosae,0.4202,not synonym,sentence-transformers/all-mpnet-base-v2,0.7,0
Ceracis californicus,Trachypachus transversicollis,0.3246,not synonym,sentence-transformers/all-mpnet-base-v2,0.7,0
Attagenus australis,Systolosoma bilunulatum,0.2562,not synonym,sentence-transformers/all-mpnet-base-v2,0.7,0
Cis krausi,Cis bicolor,0.4409,not synonym,sentence-transformers/all-mpnet-base-v2,0.7,1
Ceracis monocerus,Dieckmanniellus helveticus,0.493,not synonym,sentence-transformers/all-mpnet-base-v2,0.7,0
Cis ephippiatus,Xestocis moznettei,0.4577,not synonym,sentence-transformers/all-mpnet-base-v2,0.7,1
Orthocis transversatus,Anthribus moussoni,0.4815,not synonym,sentence-transformers/all-mpnet-base-v2,0.7,0
Eurymeloe mediterraneus,Meloe mediterraneus,0.7176,synonym,sentence-transformers/all-mpnet-base-v2,0.7,1
Theticephalus mesopotamicus,Cybocephalus aurocupreus,0.5276,not synonym,sentence-transformers/all-mpnet-base-v2,0.7,0
Attagenus fasciatus,Cybocephalus mesopatamicus,0.3453,not synonym,sentence-transformers/all-mpnet-base-v2,0.7,0
Idiomerus intermedius,Necromera intermedia,0.3722,not synonym,sentence-transformers/all-mpnet-base-v2,0.7,1
Cis ephippiatus,Cis moznettei,0.4803,not synonym,sentence-transformers/all-mpnet-base-v2,0.7,1
Anthribus nebulosus,Brachytarsus kusteri,0.5658,not synonym,sentence-transformers/all-mpnet-base-v2,0.7,1
Ennearthron palmi,Dolichocera hermandi,0.4025,not synonym,sentence-transformers/all-mpnet-base-v2,0.7,0
Ceracis californicus,Cis dufaui,0.2001,not synonym,sentence-transformers/all-mpnet-base-v2,0.7,0
Sulcacis curtulus,Ceracis pumicatus,0.5596,not synonym,sentence-transformers/all-mpnet-base-v2,0.7,0
Cis krausi,Cis duryi,0.5848,not synonym,sentence-transformers/all-mpnet-base-v2,0.7,1
Epicerastes exstans,Trachypachus oregonus,0.2492,not synonym,sentence-transformers/all-mpnet-base-v2,0.7,0
Thorictodes heydeni,Attagenus 4-maculatus,0.2816,not synonym,sentence-transformers/all-mpnet-base-v2,0.7,0
Systolosoma breve,Ennearthron unicornis,0.2532,not synonym,sentence-transformers/all-mpnet-base-v2,0.7,0
Leptocnemus longus,Protaedus fontaltus,0.5439,not synonym,sentence-transformers/all-mpnet-base-v2,0.7,0
Ceracis thoracicornis,Ceracis unicolor,0.6591,not synonym,sentence-transformers/all-mpnet-base-v2,0.7,1
Baissophytum amplus,Attagenus 3-fasciatus,0.3645,not synonym,sentence-transformers/all-mpnet-base-v2,0.7,0
Labrocerus similaris,Ennearthron striata,0.5143,not synonym,sentence-transformers/all-mpnet-base-v2,0.7,0
Sulcacis nitidus,Cis duryi,0.2647,not synonym,sentence-transformers/all-mpnet-base-v2,0.7,0
Labrocerus similaris,Argocerus subguttatus,0.5062,not synonym,sentence-transformers/all-mpnet-base-v2,0.7,1
Ceracis monocerus,Toksunius chinaticus,0.5016,not synonym,sentence-transformers/all-mpnet-base-v2,0.7,0
Pacicephalus gressitti,Cybocephalus gressitti,0.673,not synonym,sentence-transformers/all-mpnet-base-v2,0.7,1
Ceracis thoracicornis,Ceracis mellyi,0.7381,synonym,sentence-transformers/all-mpnet-base-v2,0.7,1
Orthocis linearis,Cretomegatoma atypica,0.3448,not synonym,sentence-transformers/all-mpnet-base-v2,0.7,0
Hycleus phaleratus,Petrodromeus asiaticus,0.5689,not synonym,sentence-transformers/all-mpnet-base-v2,0.7,0
Pseudorobitis axeli,Temnalysis axeli,0.504,not synonym,sentence-transformers/all-mpnet-base-v2,0.7,1
Sulcacis nitidus,Trogoderma niger,0.4875,not synonym,sentence-transformers/all-mpnet-base-v2,0.7,0
Strongylites stygius,Ceracis obesus,0.3148,not synonym,sentence-transformers/all-mpnet-base-v2,0.7,0
Ceracis monocerus,Ennearthron unicornis,0.5214,not synonym,sentence-transformers/all-mpnet-base-v2,0.7,1
Attagenus fasciatus,Attagenus anulifer,0.7254,synonym,sentence-transformers/all-mpnet-base-v2,0.7,1
Ceracis furcifer,Trogoderma tricolor,0.3629,not synonym,sentence-transformers/all-mpnet-base-v2,0.7,0
Heterocerus fenestratus,Heterocerus pulchellus,0.7833,synonym,sentence-transformers/all-mpnet-base-v2,0.7,1
Octotemnus laevis,Anthribus tesselatus,0.593,not synonym,sentence-transformers/all-mpnet-base-v2,0.7,0
Heterocerus fenestratus,Ennearthron affinis,0.4645,not synonym,sentence-transformers/all-mpnet-base-v2,0.7,0
Ceracis californicus,Ennearthron coloradensis,0.5351,not synonym,sentence-transformers/all-mpnet-base-v2,0.7,1
Ceracis sallei,Xestocis levettei,0.5635,not synonym,sentence-transformers/all-mpnet-base-v2,0.7,0
Sulcacis nitidus,Entypus affinis,0.4912,not synonym,sentence-transformers/all-mpnet-base-v2,0.7,1
Deropygus chaerilus,Deropygus cherilus,0.8837,synonym,sentence-transformers/all-mpnet-base-v2,0.7,1
Attagenus fasciatus,Meloe rugulosus,0.4401,not synonym,sentence-transformers/all-mpnet-base-v2,0.7,0
Cis krausi,Trachypachus laticollis,0.1023,not synonym,sentence-transformers/all-mpnet-base-v2,0.7,0
Attagenus unicolor,Attagenus megatoma,0.6379,not synonym,sentence-transformers/all-mpnet-base-v2,0.7,1
Hucus numatus,Hucus numatus,1.0,synonym,sentence-transformers/all-mpnet-base-v2,0.7,1
Ceracis nigricans,Ennearthron nigricans,0.6926,not synonym,sentence-transformers/all-mpnet-base-v2,0.7,1
Orthocis testaceofasciatus,Ceracis discolor,0.2668,not synonym,sentence-transformers/all-mpnet-base-v2,0.7,0
Cis tristis,Cis setulosus,0.688,not synonym,sentence-transformers/all-mpnet-base-v2,0.7,1
Amedissia argentinus,Pycnocephalus argentinus,0.5475,not synonym,sentence-transformers/all-mpnet-base-v2,0.7,1
Rhopalodontus strandi,Ropalodontus strandi,0.8253,synonym,sentence-transformers/all-mpnet-base-v2,0.7,1
Attagenus brunneus,Attagenus marginicollis,0.7492,synonym,sentence-transformers/all-mpnet-base-v2,0.7,1
Labrocerus setosus,Labrocerus pallipes,0.8436,synonym,sentence-transformers/all-mpnet-base-v2,0.7,1
Thaumaglossa anthrenoides,Cerophytum cayennense,0.5462,not synonym,sentence-transformers/all-mpnet-base-v2,0.7,0
Micromalthus debilis,Micromalthus anansi,0.8749,synonym,sentence-transformers/all-mpnet-base-v2,0.7,1
Ceracis thoracicornis,Ennearthron mellyi,0.5471,not synonym,sentence-transformers/all-mpnet-base-v2,0.7,1
Chibizo formosensis,Nanophyes basilineatus,0.4188,not synonym,sentence-transformers/all-mpnet-base-v2,0.7,1
Xylographus subsinuatus,Xylographus rufescens,0.7748,synonym,sentence-transformers/all-mpnet-base-v2,0.7,1
Sefrania bleusei,Zonitis nigripennis,0.3697,not synonym,sentence-transformers/all-mpnet-base-v2,0.7,0
Trachypachus inermis,Trachypachus holmbergi,0.7374,synonym,sentence-transformers/all-mpnet-base-v2,0.7,1
Cis levettei,Xestocis levettei,0.3981,not synonym,sentence-transformers/all-mpnet-base-v2,0.7,1
Ceracis californicus,Ceracis grossulus,0.7998,synonym,sentence-transformers/all-mpnet-base-v2,0.7,1
Orthocis testaceofasciatus,Cis testaceofasciatus,0.6969,not synonym,sentence-transformers/all-mpnet-base-v2,0.7,1
Attagenus brunneus,Attagenus elongatus,0.8354,synonym,sentence-transformers/all-mpnet-base-v2,0.7,1
Trachypachus gibbsii,Ennearthron oblongus,0.4066,not synonym,sentence-transformers/all-mpnet-base-v2,0.7,0
Ceracis thoracicornis,Hadraule coarctata,0.4848,not synonym,sentence-transformers/all-mpnet-base-v2,0.7,0
Hadraule elongatula,Cis perrisi,0.1837,not synonym,sentence-transformers/all-mpnet-base-v2,0.7,0
Trogoderma glabrum,Anthrenus niger,0.3558,not synonym,sentence-transformers/all-mpnet-base-v2,0.7,1
Dolichocera schanus,Dolichocera schanus,1.0,synonym,sentence-transformers/all-mpnet-base-v2,0.7,1
Heterocerus maritimus,Heterocerus basalis,0.8019,synonym,sentence-transformers/all-mpnet-base-v2,0.7,1
Orthocis linearis,Thaumaphrastus heydeni,0.2762,not synonym,sentence-transformers/all-mpnet-base-v2,0.7,0
Eurymeloe baudueri,Thorictodes karanisensis,0.3814,not synonym,sentence-transformers/all-mpnet-base-v2,0.7,0
Labrocerus setosus,Labrocerus affinis,0.8939,synonym,sentence-transformers/all-mpnet-base-v2,0.7,1
Augyles aureolus,Heterocerus aureolus,0.575,not synonym,sentence-transformers/all-mpnet-base-v2,0.7,1
Ceracis cornifer,Ennearthron corniferum,0.657,not synonym,sentence-transformers/all-mpnet-base-v2,0.7,1
Theticephalus decamerus,Cis cylindricus,0.4587,not synonym,sentence-transformers/all-mpnet-base-v2,0.7,0
Mycterus quadricollis,Mycterus depressus,0.6837,not synonym,sentence-transformers/all-mpnet-base-v2,0.7,1
Kantohia taiwana,Shiva taiwanus,0.5522,not synonym,sentence-transformers/all-mpnet-base-v2,0.7,1
Ceracis cornifer,Meloe baudueri,0.1873,not synonym,sentence-transformers/all-mpnet-base-v2,0.7,0
Theticephalus mesopotamicus,Cybocephalus mesopatamicus,0.6377,not synonym,sentence-transformers/all-mpnet-base-v2,0.7,1
Ceracis californicus,Ennearthron convergens,0.1104,not synonym,sentence-transformers/all-mpnet-base-v2,0.7,1
Strigocis bilimeki,Ennearthron transversatus,0.395,not synonym,sentence-transformers/all-mpnet-base-v2,0.7,0
Protaedus matertera,Protaedus materta,0.9318,synonym,sentence-transformers/all-mpnet-base-v2,0.7,1
Ceracis thoracicornis,Meloe punctatus,0.3799,not synonym,sentence-transformers/all-mpnet-base-v2,0.7,0
Labrocerus similaris,Attagenus marginicollis,0.5511,not synonym,sentence-transformers/all-mpnet-base-v2,0.7,0
Attagenus trifasciatus,Attagenus 3-fasciatus,0.7941,synonym,sentence-transformers/all-mpnet-base-v2,0.7,1
Ceracis thoracicornis,Ceracis thoracicus,0.9402,synonym,sentence-transformers/all-mpnet-base-v2,0.7,1
Ceracis curtus,Ennearthron compactus,0.4275,not synonym,sentence-transformers/all-mpnet-base-v2,0.7,1
Attagenus fasciatus,Attagenus gloriosae,0.8173,synonym,sentence-transformers/all-mpnet-base-v2,0.7,1
Trogoderma glabrum,Trogoderma niger,0.8224,synonym,sentence-transformers/all-mpnet-base-v2,0.7,1
Cis castlei,Xestocis castlei,0.486,not synonym,sentence-transformers/all-mpnet-base-v2,0.7,1
Cybocephalus binotatus,Cybocephalus aeneonittens,0.8908,synonym,sentence-transformers/all-mpnet-base-v2,0.7,1
Protaedus butoniensis,Protaedus butoniense,0.9011,synonym,sentence-transformers/all-mpnet-base-v2,0.7,1
Orphinus fulvipes,Trogoderma fulvipes,0.5475,not synonym,sentence-transformers/all-mpnet-base-v2,0.7,1
Strigocis bicornis,Strigocis fronticornis,0.8086,synonym,sentence-transformers/all-mpnet-base-v2,0.7,1
Hadraule elongatula,Orthocis perrisi,0.3518,not synonym,sentence-transformers/all-mpnet-base-v2,0.7,0
Tophoderes depontanus,Syntophoderes depontanus,0.7555,synonym,sentence-transformers/all-mpnet-base-v2,0.7,1
Porculus dufaui,Necromera longicornis,0.3137,not synonym,sentence-transformers/all-mpnet-base-v2,0.7,0
Exillis aeruginosus,Exillis aeroginosus,0.794,synonym,sentence-transformers/all-mpnet-base-v2,0.7,1
Electranthribus zherikhini,Ceracis thoracicinus,0.4611,not synonym,sentence-transformers/all-mpnet-base-v2,0.7,0
Ceracis cornifer,Ceracis simplicicornis,0.7784,synonym,sentence-transformers/all-mpnet-base-v2,0.7,1
Cis castaneus,Kateretes castaneus,0.6328,not synonym,sentence-transformers/all-mpnet-base-v2,0.7,1
Ctesias serra,Epicerastes viridanus,0.3401,not synonym,sentence-transformers/all-mpnet-base-v2,0.7,0
Ceracis thoracicornis,Ceracis piceus,0.7581,synonym,sentence-transformers/all-mpnet-base-v2,0.7,1
Sulcacis curtulus,Sulcacis criddlei,0.8701,synonym,sentence-transformers/all-mpnet-base-v2,0.7,1
Ceracis californicus,Ennearthron californicus,0.7433,synonym,sentence-transformers/all-mpnet-base-v2,0.7,1
Theticephalus mesopotamicus,Sulcacis sorror,0.391,not synonym,sentence-transformers/all-mpnet-base-v2,0.7,0
Sulcacis curtulus,Xestocis opalescens,0.5183,not synonym,sentence-transformers/all-mpnet-base-v2,0.7,0
Orthocis punctatus,Cis punctatus,0.5626,not synonym,sentence-transformers/all-mpnet-base-v2,0.7,1
Ceracis minutissimus,Labrocerus affinis,0.548,not synonym,sentence-transformers/all-mpnet-base-v2,0.7,0
Ceracis thoracicornis,Cis montana,0.1799,not synonym,sentence-transformers/all-mpnet-base-v2,0.7,0
Sulcacis curtulus,Ceracis thoracicus,0.5315,not synonym,sentence-transformers/all-mpnet-base-v2,0.7,0
Sulcacis curtulus,Cis cylindricus,0.3798,not synonym,sentence-transformers/all-mpnet-base-v2,0.7,1
Nanomimus hemisphaericus,Cis sorror,0.0623,not synonym,sentence-transformers/all-mpnet-base-v2,0.7,0
Eurymeloe baudueri,Meloe baudueri,0.492,not synonym,sentence-transformers/all-mpnet-base-v2,0.7,1
Trachypachus gibbsii,Trogoderma nigrum,0.6704,not synonym,sentence-transformers/all-mpnet-base-v2,0.7,0
Ceracis thoracicornis,Ceracis bifoveatus,0.8066,synonym,sentence-transformers/all-mpnet-base-v2,0.7,1
Cis striatulus,Hadraule striatulus,0.7173,synonym,sentence-transformers/all-mpnet-base-v2,0.7,1
Ceracis bicornis,Ennearthron bicornis,0.6735,not synonym,sentence-transformers/all-mpnet-base-v2,0.7,1
Cis krausi,Cybocephalus gressitti,0.1867,not synonym,sentence-transformers/all-mpnet-base-v2,0.7,0
Heterocerus crinitus,Entypus bicornis,0.5567,not synonym,sentence-transformers/all-mpnet-base-v2,0.7,0
Labrocerus vestitus,Ennearthron sallei,0.3053,not synonym,sentence-transformers/all-mpnet-base-v2,0.7,0
Ceracis californicus,Ceracis oregonus,0.8516,synonym,sentence-transformers/all-mpnet-base-v2,0.7,1
Cerocoma schaefferi,Cerocoma viridis,0.7899,synonym,sentence-transformers/all-mpnet-base-v2,0.7,1
Protaedus frontaltus,Protaedus fontaltus,0.7929,synonym,sentence-transformers/all-mpnet-base-v2,0.7,1
Labrocerus similaris,Labrocerus simplex,0.8664,synonym,sentence-transformers/all-mpnet-base-v2,0.7,0
Sulcacis curtulus,Sulcacis cylindricus,0.9153,synonym,sentence-transformers/all-mpnet-base-v2,0.7,1
Trachypachus gibbsii,Trachypachus alticola,0.8617,synonym,sentence-transformers/all-mpnet-base-v2,0.7,1
Sulcacis nitidus,Ennearthron affine,0.0642,not synonym,sentence-transformers/all-mpnet-base-v2,0.7,1
Sulcacis curtulus,Temnalysis axeli,0.2452,not synonym,sentence-transformers/all-mpnet-base-v2,0.7,0
Pacicephalus gressitti,Kateretes castaneus,0.5296,not synonym,sentence-transformers/all-mpnet-base-v2,0.7,0
Ennearthron palmi,Ennearthron filum,0.623,not synonym,sentence-transformers/all-mpnet-base-v2,0.7,1
Baissophytum amplus,Anthrenus niger,0.4796,not synonym,sentence-transformers/all-mpnet-base-v2,0.7,0
Sulcacis fronticornis,Necromera intermedia,0.2212,not synonym,sentence-transformers/all-mpnet-base-v2,0.7,0
Cis krausi,Mycterus curculionoides,0.1743,not synonym,sentence-transformers/all-mpnet-base-v2,0.7,0
Ademosynoides chinatica,Toksunius chinaticus,0.5258,not synonym,sentence-transformers/all-mpnet-base-v2,0.7,1
Idiomerus musculus,Cybocephalus areolatus,0.4838,not synonym,sentence-transformers/all-mpnet-base-v2,0.7,0
Hycleus polymorphus,Mylabris polymorpha,0.583,not synonym,sentence-transformers/all-mpnet-base-v2,0.7,1
Theticephalus mesopotamicus,Mylabris phalerata,0.491,not synonym,sentence-transformers/all-mpnet-base-v2,0.7,0
Theticephalus aurocupreus,Cis testaceofasciatus,0.3686,not synonym,sentence-transformers/all-mpnet-base-v2,0.7,0
Tophoderes sinuatocollis,Tophoderes sinuaticollis,0.8603,synonym,sentence-transformers/all-mpnet-base-v2,0.7,1
Strigocis opalescens,Heterocerus basalis,0.4909,not synonym,sentence-transformers/all-mpnet-base-v2,0.7,0
Sulcacis nitidus,Critoderma deplanatum,0.1635,not synonym,sentence-transformers/all-mpnet-base-v2,0.7,0
Hadraule elongatula,Necromera brevicornis,0.3756,not synonym,sentence-transformers/all-mpnet-base-v2,0.7,0
Strongylites stygius,Ceracis coloradensis,0.3765,not synonym,sentence-transformers/all-mpnet-base-v2,0.7,0
Orthocis coluber,Labrocerus pallipes,0.5321,not synonym,sentence-transformers/all-mpnet-base-v2,0.7,0
Mycterus quadricollis,Ennearthron cucullatum,0.3936,not synonym,sentence-transformers/all-mpnet-base-v2,0.7,0
Ceracis californicus,Cybocephalus mesopotamicus,0.5555,not synonym,sentence-transformers/all-mpnet-base-v2,0.7,0
Cybocephalus politissimus,Xestocis miles,0.3246,not synonym,sentence-transformers/all-mpnet-base-v2,0.7,0
Electranthribus zherikhini,Trogoderma fulvipes,0.4384,not synonym,sentence-transformers/all-mpnet-base-v2,0.7,0
Orphinus fulvipes,Orphinus brevicornis,0.8384,synonym,sentence-transformers/all-mpnet-base-v2,0.7,1
Sulcacis bidentulus,Cis alpinus,0.3641,not synonym,sentence-transformers/all-mpnet-base-v2,0.7,1
Orthocis transversatus,Orthocis pallidus,0.7831,synonym,sentence-transformers/all-mpnet-base-v2,0.7,1
Malacocis brevicollis,Heterocerus aureolus,0.431,not synonym,sentence-transformers/all-mpnet-base-v2,0.7,0
Theticephalus decamerus,Cybocephalus decamerus,0.6459,not synonym,sentence-transformers/all-mpnet-base-v2,0.7,1
Protaedus robusticornis,Protaedus robusticorne,0.9015,synonym,sentence-transformers/all-mpnet-base-v2,0.7,1
Orthocis punctatus,Attagenus anulifer,0.4011,not synonym,sentence-transformers/all-mpnet-base-v2,0.7,0
Sulcacis nitidus,Argocerus similaris,0.535,not synonym,sentence-transformers/all-mpnet-base-v2,0.7,0
Ooides denudatus,Ooidellus denudatus,0.7897,synonym,sentence-transformers/all-mpnet-base-v2,0.7,1
Labrocerus similaris,Baissopsis amplus,0.4809,not synonym,sentence-transformers/all-mpnet-base-v2,0.7,0
Sulcacis fronticornis,Rhopalodontus fronticornis,0.5917,not synonym,sentence-transformers/all-mpnet-base-v2,0.7,1
Pseudorobitis miwai,Nanophyes miwai,0.5037,not synonym,sentence-transformers/all-mpnet-base-v2,0.7,1
Trachypachus gibbsii,Nanodes gracilis,0.2759,not synonym,sentence-transformers/all-mpnet-base-v2,0.7,0
Thorictodes heydeni,Thaumaphrastus heydeni,0.6704,not synonym,sentence-transformers/all-mpnet-base-v2,0.7,1
Ceracis curtus,Meloe laticollis,0.3425,not synonym,sentence-transformers/all-mpnet-base-v2,0.7,0
Ceracis californicus,Ennearthron grossulus,0.5239,not synonym,sentence-transformers/all-mpnet-base-v2,0.7,1
Orthocis transversatus,Ennearthron laricinum,0.3974,not synonym,sentence-transformers/all-mpnet-base-v2,0.7,0
Sulcacis curtulus,Sulcacis montana,0.7636,synonym,sentence-transformers/all-mpnet-base-v2,0.7,1
Cis krausi,Cis alter,0.5869,not synonym,sentence-transformers/all-mpnet-base-v2,0.7,0
Sulcacis curtulus,Sulcacis niger,0.7938,synonym,sentence-transformers/all-mpnet-base-v2,0.7,1
Orphinus fulvipes,Meloe cephalotes,0.3675,not synonym,sentence-transformers/all-mpnet-base-v2,0.7,0
Cis krausi,Cybocephalus aeneonittens,0.1572,not synonym,sentence-transformers/all-mpnet-base-v2,0.7,0
Anthribus nebulosus,Anthribus variegatus,0.8371,synonym,sentence-transformers/all-mpnet-base-v2,0.7,1
Protaedus robusticornis,Sulcacis niger,0.415,not synonym,sentence-transformers/all-mpnet-base-v2,0.7,0
Trachypachus inermis,Trachypachus specularis,0.7854,synonym,sentence-transformers/all-mpnet-base-v2,0.7,1
Sulcacis curtulus,Cis sorror,0.2911,not synonym,sentence-transformers/all-mpnet-base-v2,0.7,1
Ceracis thoracicornis,Ennearthron oblongus,0.5241,not synonym,sentence-transformers/all-mpnet-base-v2,0.7,1
Rhopalodontus strandi,Orthocis latifrons,0.4244,not synonym,sentence-transformers/all-mpnet-base-v2,0.7,0
Trachypachus zetterstedtii,Trachypachus laticollis,0.6717,not synonym,sentence-transformers/all-mpnet-base-v2,0.7,1
Attagenus fasciatus,Cis setulosus,0.5034,not synonym,sentence-transformers/all-mpnet-base-v2,0.7,0
Ceracis curtus,Labrocerus flavicornis,0.4467,not synonym,sentence-transformers/all-mpnet-base-v2,0.7,0
Eurymeloe ganglbaueri,Deropygus cherilus,0.5449,not synonym,sentence-transformers/all-mpnet-base-v2,0.7,0
Anthribus nebulosus,Anthribus tesselatus,0.8414,synonym,sentence-transformers/all-mpnet-base-v2,0.7,1
Hadraule elongatula,Ennearthron striata,0.4929,not synonym,sentence-transformers/all-mpnet-base-v2,0.7,1
Ceracis cornifer,Ceracis cylindricus,0.8001,synonym,sentence-transformers/all-mpnet-base-v2,0.7,1
Orthocis linearis,Cis perrisi,0.2516,not synonym,sentence-transformers/all-mpnet-base-v2,0.7,1
Micromalthus debilis,Zonitis guerini,0.2905,not synonym,sentence-transformers/all-mpnet-base-v2,0.7,0
Eurymeloe murinus,Dissia nigriceps,0.2049,not synonym,sentence-transformers/all-mpnet-base-v2,0.7,0
Ennearthron palmi,Glaesotropis zherikhini,0.3452,not synonym,sentence-transformers/all-mpnet-base-v2,0.7,0
Sulcacis nitidus,Necromera muscula,0.4891,not synonym,sentence-transformers/all-mpnet-base-v2,0.7,0
Ennearthron cornutum,Orthocis festivus,0.3743,not synonym,sentence-transformers/all-mpnet-base-v2,0.7,0
Sympaector revocans,Heterocerus burchanensis,0.0423,not synonym,sentence-transformers/all-mpnet-base-v2,0.7,0
Anthribus scapularis,Brachytarsus rosae,0.4527,not synonym,sentence-transformers/all-mpnet-base-v2,0.7,1
Wagaicis wagae,Meloe mediterraneus,0.2889,not synonym,sentence-transformers/all-mpnet-base-v2,0.7,0
Ceracis pullulus,Ennearthron pullulus,0.6372,not synonym,sentence-transformers/all-mpnet-base-v2,0.7,1
Ceracis thoracicornis,Ennearthron corniferum,0.4728,not synonym,sentence-transformers/all-mpnet-base-v2,0.7,0
Ceracis monocerus,Ennearthron unicorne,0.3453,not synonym,sentence-transformers/all-mpnet-base-v2,0.7,1
Phytocerum cayennense,Cerophytum cayennense,0.7023,synonym,sentence-transformers/all-mpnet-base-v2,0.7,1
Meloe brevicollis,Ennearthron simplicicorne,0.2293,not synonym,sentence-transformers/all-mpnet-base-v2,0.7,0
Attagenus quadrimaculatus,Cybocephalus flavicapitus,0.3751,not synonym,sentence-transformers/all-mpnet-base-v2,0.7,0
Eurymeloe ganglbaueri,Xylographus richardi,0.5383,not synonym,sentence-transformers/all-mpnet-base-v2,0.7,0
Micromalthus debilis,Cis bilimeka,0.1928,not synonym,sentence-transformers/all-mpnet-base-v2,0.7,0
Ceracis singularis,Cis obesus,0.4123,not synonym,sentence-transformers/all-mpnet-base-v2,0.7,0
Systolosoma breve,Necromera inflata,0.3437,not synonym,sentence-transformers/all-mpnet-base-v2,0.7,0
Thaumaglossa anthrenoides,Cybocephalus decamerus,0.375,not synonym,sentence-transformers/all-mpnet-base-v2,0.7,0
Trachypachus zetterstedtii,Trinodes australis,0.377,not synonym,sentence-transformers/all-mpnet-base-v2,0.7,0
Ceracis cornifer,Sulcacis affinis,0.477,not synonym,sentence-transformers/all-mpnet-base-v2,0.7,0
Anthribus moussonii,Protaedus robusticorne,0.3288,not synonym,sentence-transformers/all-mpnet-base-v2,0.7,0
Ceracis thoracicornis,Cis bimaculatus,0.4514,not synonym,sentence-transformers/all-mpnet-base-v2,0.7,0
Bothrus taiwanus,Physopterus taiwanus,0.7231,synonym,sentence-transformers/all-mpnet-base-v2,0.7,1
Cis levettei,Cis levellei,0.5817,not synonym,sentence-transformers/all-mpnet-base-v2,0.7,1
Ceracis thoracicornis,Meloe phalerata,0.3529,not synonym,sentence-transformers/all-mpnet-base-v2,0.7,0
Cybocephalus politissimus,Protaedus materta,0.4413,not synonym,sentence-transformers/all-mpnet-base-v2,0.7,0
Ceracis monocerus,Necronetulus avus,0.5555,not synonym,sentence-transformers/all-mpnet-base-v2,0.7,0
Cybocephalus membranaceus,Augyles crinitus,0.3321,not synonym,sentence-transformers/all-mpnet-base-v2,0.7,0
Sulcacis nitidus,Cis nitidus,0.5085,not synonym,sentence-transformers/all-mpnet-base-v2,0.7,1
Labrocerus concolor,Cis falli,0.2038,not synonym,sentence-transformers/all-mpnet-base-v2,0.7,0
Ceracis thoracicornis,Ceracis thoracicinus,0.952,synonym,sentence-transformers/all-mpnet-base-v2,0.7,1
Ceracis minutissimus,Cis thoracicornis,0.496,not synonym,sentence-transformers/all-mpnet-base-v2,0.7,0
Cantharis lithophilus,Cantharis chrysomeloides,0.7652,synonym,sentence-transformers/all-mpnet-base-v2,0.7,0
Cis miles,Xestocis miles,0.5179,not synonym,sentence-transformers/all-mpnet-base-v2,0.7,1
Baissophytum amplus,Augyles britannicus,0.4516,not synonym,sentence-transformers/all-mpnet-base-v2,0.7,0
Leptocnemus longus,Necromera longa,0.5345,not synonym,sentence-transformers/all-mpnet-base-v2,0.7,1
Ceracis californicus,Ennearthron discolor,0.1651,not synonym,sentence-transformers/all-mpnet-base-v2,0.7,1
Ennearthron spenceri,Plesiocis spenceri,0.4327,not synonym,sentence-transformers/all-mpnet-base-v2,0.7,1
Ceracis thoracicornis,Ceracis pumicatus,0.7839,synonym,sentence-transformers/all-mpnet-base-v2,0.7,1
Dolichocera harmandi,Dolichocera hermandi,0.8961,synonym,sentence-transformers/all-mpnet-base-v2,0.7,1
Anthribus moussonii,Anthribus moussoni,0.969,synonym,sentence-transformers/all-mpnet-base-v2,0.7,1
Ceracis curtus,Anthribus variegatus,0.4191,not synonym,sentence-transformers/all-mpnet-base-v2,0.7,0
Ceracis sallei,Ceracis sellei,0.77,synonym,sentence-transformers/all-mpnet-base-v2,0.7,1
Dieckmanniellus gracilis,Ooidellus denudatus,0.4202,not synonym,sentence-transformers/all-mpnet-base-v2,0.7,0
Hadraule elongatula,Protaedus butoniense,0.4347,not synonym,sentence-transformers/all-mpnet-base-v2,0.7,0
Ceracis monocerus,Mylabris polymorpha,0.4635,not synonym,sentence-transformers/all-mpnet-base-v2,0.7,0
Electranthribus zherikhini,Glaesotropis zherikhini,0.6111,not synonym,sentence-transformers/all-mpnet-base-v2,0.7,1
Ceracis monocerus,Nanophyes formosensis,0.2967,not synonym,sentence-transformers/all-mpnet-base-v2,0.7,0
Cantharis lithophilus,Fohrer bleusei,0.2309,not synonym,sentence-transformers/all-mpnet-base-v2,0.7,0
Ceracis curtus,Ennearthron multipunctatus,0.2338,not synonym,sentence-transformers/all-mpnet-base-v2,0.7,0
Protaedus matertera,Ennearthron discolor,0.1914,not synonym,sentence-transformers/all-mpnet-base-v2,0.7,0
Epicerastes viridescens,Epicerastes viridanus,0.8118,synonym,sentence-transformers/all-mpnet-base-v2,0.7,1
Attagenus trifasciatus,Cis fronticornis,0.3814,not synonym,sentence-transformers/all-mpnet-base-v2,0.7,0
Ceracis californicus,Trachypachus specularis,0.4254,not synonym,sentence-transformers/all-mpnet-base-v2,0.7,0
Idiomerus latissimus,Necromera latissima,0.5146,not synonym,sentence-transformers/all-mpnet-base-v2,0.7,1
Octotemnus laevis,Cis cornutus,0.3841,not synonym,sentence-transformers/all-mpnet-base-v2,0.7,0
Heterocerus maritimus,Augyles britannicus,0.3764,not synonym,sentence-transformers/all-mpnet-base-v2,0.7,1
Cis tetracentrum,Cis arizonae,0.3588,not synonym,sentence-transformers/all-mpnet-base-v2,0.7,1
Cycloderma deplanatum,Critoderma deplanatum,0.5405,not synonym,sentence-transformers/all-mpnet-base-v2,0.7,1
Nanomimus hemisphaericus,Entomotrogus megatomoides,0.5152,not synonym,sentence-transformers/all-mpnet-base-v2,0.7,0
Meloe brevicollis,Meloe splendens,0.7888,synonym,sentence-transformers/all-mpnet-base-v2,0.7,1
Rhopalodontus baudueri,Ropalodontus baudueri,0.8121,synonym,sentence-transformers/all-mpnet-base-v2,0.7,1
Hadraule elongatula,Pityocis coarctata,0.3816,not synonym,sentence-transformers/all-mpnet-base-v2,0.7,1
Attagenus brunneus,Cis bicolor,0.3092,not synonym,sentence-transformers/all-mpnet-base-v2,0.7,0
Strigocis opalescens,Strigocis davisi,0.8508,synonym,sentence-transformers/all-mpnet-base-v2,0.7,1
Sefrania bleusei,Fohrer bleusei,0.4045,not synonym,sentence-transformers/all-mpnet-base-v2,0.7,1
Orphinus fulvipes,Orphinus brevicorne,0.8104,synonym,sentence-transformers/all-mpnet-base-v2,0.7,1
Attagenus quadrimaculatus,Attagenus 4-maculatus,0.7598,synonym,sentence-transformers/all-mpnet-base-v2,0.7,1
Cis maritimus,Xestocis maritimus,0.5485,not synonym,sentence-transformers/all-mpnet-base-v2,0.7,1
Sulcacis curtulus,Cis montana,0.1587,not synonym,sentence-transformers/all-mpnet-base-v2,0.7,1
Strigocis opalescens,Ceracis unicorne,0.4281,not synonym,sentence-transformers/all-mpnet-base-v2,0.7,0
Ademosynoides juxta,Hucus numatus,0.3361,not synonym,sentence-transformers/all-mpnet-base-v2,0.7,0
Ceracis multipunctatus,Ennearthron multipunctatus,0.5863,not synonym,sentence-transformers/all-mpnet-base-v2,0.7,1
Trachypachus inermis,Trachypachus oregonus,0.7779,synonym,sentence-transformers/all-mpnet-base-v2,0.7,1
Cybocephalus membranaceus,Dissia membranaceus,0.5709,not synonym,sentence-transformers/all-mpnet-base-v2,0.7,1
Ceracis thoracicornis,Ennearthron piceus,0.5329,not synonym,sentence-transformers/all-mpnet-base-v2,0.7,1
Dieckmanniellus gracilis,Cis nitidus,0.1941,not synonym,sentence-transformers/all-mpnet-base-v2,0.7,0
Idiomerus longicornis,Lytta lithophila,0.3713,not synonym,sentence-transformers/all-mpnet-base-v2,0.7,0
Meloe brevicollis,Xestocis davisi,0.4268,not synonym,sentence-transformers/all-mpnet-base-v2,0.7,0
Cis festivus,Orthocis festivus,0.612,not synonym,sentence-transformers/all-mpnet-base-v2,0.7,1
Labrocerus vestitus,Ennearthron californicus,0.5024,not synonym,sentence-transformers/all-mpnet-base-v2,0.7,0
Heterocerus crinitus,Augyles crinitus,0.4793,not synonym,sentence-transformers/all-mpnet-base-v2,0.7,1
Dieckmanniellus gracilis,Ceracis sellei,0.382,not synonym,sentence-transformers/all-mpnet-base-v2,0.7,0
Meloe brevicollis,Cis arizonae,0.2326,not synonym,sentence-transformers/all-mpnet-base-v2,0.7,0
Ceracis cornifer,Ennearthron simplicicorne,0.2876,not synonym,sentence-transformers/all-mpnet-base-v2,0.7,1
Protaedus matertera,Tophoderes sinuaticollis,0.3651,not synonym,sentence-transformers/all-mpnet-base-v2,0.7,0
Ceracis californicus,Trogoderma grassmani,0.3922,not synonym,sentence-transformers/all-mpnet-base-v2,0.7,0
Strigocis opalescens,Meloe splendens,0.3087,not synonym,sentence-transformers/all-mpnet-base-v2,0.7,0
Ceracis thoracicornis,Brachytarsus kusteri,0.5495,not synonym,sentence-transformers/all-mpnet-base-v2,0.7,0
Ennearthron cornutum,Cis cornutus,0.3958,not synonym,sentence-transformers/all-mpnet-base-v2,0.7,1
Megatoma atypica,Ennearthron grossulus,0.4623,not synonym,sentence-transformers/all-mpnet-base-v2,0.7,0
Megatoma atypica,Cretomegatoma atypica,0.618,not synonym,sentence-transformers/all-mpnet-base-v2,0.7,1
Ennearthron palmi,Cis filum,0.2876,not synonym,sentence-transformers/all-mpnet-base-v2,0.7,1
Sulcacis nitidus,Ennearthron mellyi,0.4173,not synonym,sentence-transformers/all-mpnet-base-v2,0.7,0
Systolosoma breve,Systolosoma bilunulatum,0.8082,synonym,sentence-transformers/all-mpnet-base-v2,0.7,1
Ceracis singularis,Xestocis singularis,0.6742,not synonym,sentence-transformers/all-mpnet-base-v2,0.7,1
Ademosynoides chinatica,Octotemnus dixiensis,0.4846,not synonym,sentence-transformers/all-mpnet-base-v2,0.7,0
Ceracis dixiensis,Octotemnus dixiensis,0.6282,not synonym,sentence-transformers/all-mpnet-base-v2,0.7,1
Ceracis thoracicornis,Ceracis compactus,0.762,synonym,sentence-transformers/all-mpnet-base-v2,0.7,0
Cis ephippiatus,Cis ephippium,0.9216,synonym,sentence-transformers/all-mpnet-base-v2,0.7,1
Trachypachus zetterstedtii,Trachypachus transversicollis,0.6367,not synonym,sentence-transformers/all-mpnet-base-v2,0.7,1
Ceracis californicus,Argocerus subguttatus,0.4313,not synonym,sentence-transformers/all-mpnet-base-v2,0.7,0
Ceracis militaris,Ennearthron militaris,0.6934,not synonym,sentence-transformers/all-mpnet-base-v2,0.7,1
Theticephalus mesopotamicus,Cybocephalus mesopotamicus,0.6466,not synonym,sentence-transformers/all-mpnet-base-v2,0.7,1
Heterocerus maritimus,Necromera latissima,0.3979,not synonym,sentence-transformers/all-mpnet-base-v2,0.7,0
Heterocerus maritimus,Heterocerus burchanensis,0.8575,synonym,sentence-transformers/all-mpnet-base-v2,0.7,1
Attagenus unicolor,Attagenus piceus,0.7654,synonym,sentence-transformers/all-mpnet-base-v2,0.7,1
Attagenus fasciatus,Sulcacis criddlei,0.417,not synonym,sentence-transformers/all-mpnet-base-v2,0.7,0
Nanomimus hemisphaericus,Nanophyes hemisphaericus,0.8606,synonym,sentence-transformers/all-mpnet-base-v2,0.7,1
Sulcacis curtulus,Dissia ampla,0.234,not synonym,sentence-transformers/all-mpnet-base-v2,0.7,0
Ceracis castaneipennis,Ceracis ater,0.7103,synonym,sentence-transformers/all-mpnet-base-v2,0.7,1
Cis krausi,Ceracis unicolor,0.2893,not synonym,sentence-transformers/all-mpnet-base-v2,0.7,0
Attagenus fasciatus,Attagenus gloriosus,0.8434,synonym,sentence-transformers/all-mpnet-base-v2,0.7,1
Idiomerus brevicornis,Cis ephippium,0.4319,not synonym,sentence-transformers/all-mpnet-base-v2,0.7,0
Ceracis thoracicornis,Ceracis oblongus,0.7422,synonym,sentence-transformers/all-mpnet-base-v2,0.7,1
Xylographus corpulentus,Xylographus richardi,0.7998,synonym,sentence-transformers/all-mpnet-base-v2,0.7,1
Ademosynoides juxta,Phaulogyrinus minimus,0.5238,not synonym,sentence-transformers/all-mpnet-base-v2,0.7,0
Strongylites stygius,Eocerus depressus,0.2593,not synonym,sentence-transformers/all-mpnet-base-v2,0.7,0
Palaestra guerini,Sulcacis cylindricus,0.3362,not synonym,sentence-transformers/all-mpnet-base-v2,0.7,0
Wagaicis wagae,Wagaicis wagai,0.9174,synonym,sentence-transformers/all-mpnet-base-v2,0.7,1
Nanomimus hemisphaericus,Syntophoderes depontanus,0.2059,not synonym,sentence-transformers/all-mpnet-base-v2,0.7,0
Hadraule elongatula,Ropalodontus perforatus,0.4222,not synonym,sentence-transformers/all-mpnet-base-v2,0.7,0
Dolichocis laricinus,Ennearthron laricinum,0.4792,not synonym,sentence-transformers/all-mpnet-base-v2,0.7,1
Theticephalus mesopotamicus,Theticephalus mesopatamicus,0.9878,synonym,sentence-transformers/all-mpnet-base-v2,0.7,1
Idiomerus musculus,Necromera muscula,0.5646,not synonym,sentence-transformers/all-mpnet-base-v2,0.7,1
Sympaector revocans,Sympaector revocanus,0.7588,synonym,sentence-transformers/all-mpnet-base-v2,0.7,1
Ceracis cornifer,Cis filum,0.325,not synonym,sentence-transformers/all-mpnet-base-v2,0.7,0
Trogoderma glabrum,Trogoderma nigrum,0.875,synonym,sentence-transformers/all-mpnet-base-v2,0.7,1
Heterocerus maritimus,Cybocephalus flavocapitis,0.4117,not synonym,sentence-transformers/all-mpnet-base-v2,0.7,0
Attagenus brunneus,Meloe scabriusculus,0.4734,not synonym,sentence-transformers/all-mpnet-base-v2,0.7,0
Theticephalus salsus,Cybocephalus salsus,0.5882,not synonym,sentence-transformers/all-mpnet-base-v2,0.7,1
Cis miles,Attagenus gloriosus,0.1167,not synonym,sentence-transformers/all-mpnet-base-v2,0.7,0
Labrocerus concolor,Labrocerus simplex,0.8292,synonym,sentence-transformers/all-mpnet-base-v2,0.7,1
Strigocis bicornis,Entypus bicornis,0.5897,not synonym,sentence-transformers/all-mpnet-base-v2,0.7,1
Megatoma alpina,Globicornis alpina,0.574,not synonym,sentence-transformers/all-mpnet-base-v2,0.7,1
Dieckmanniellus chevrieri,Epicerastes extans,0.1462,not synonym,sentence-transformers/all-mpnet-base-v2,0.7,0
Porculus dufaui,Cis dufaui,0.4844,not synonym,sentence-transformers/all-mpnet-base-v2,0.7,1
Ceracis cornifer,Orthocis aterrimus,0.4497,not synonym,sentence-transformers/all-mpnet-base-v2,0.7,0
Ceracis minutissimus,Cis minutissimus,0.6655,not synonym,sentence-transformers/all-mpnet-base-v2,0.7,1
Ceracis californicus,Necromera longa,0.3878,not synonym,sentence-transformers/all-mpnet-base-v2,0.7,0
Dolichocera harmandi,Trogoderma fuscicornis,0.4687,not synonym,sentence-transformers/all-mpnet-base-v2,0.7,0
Ceracis monocerus,Ennearthron pullulus,0.4432,not synonym,sentence-transformers/all-mpnet-base-v2,0.7,0
Cis levettei,Ennearthron unicorne,0.3095,not synonym,sentence-transformers/all-mpnet-base-v2,0.7,0
Hycleus polymorphus,Cybocephalus salsus,0.3701,not synonym,sentence-transformers/all-mpnet-base-v2,0.7,0
Ceracis thoracicornis,Cis thoracicornis,0.7545,synonym,sentence-transformers/all-mpnet-base-v2,0.7,1
Ceracis cucullatus,Ennearthron cucullatum,0.6567,not synonym,sentence-transformers/all-mpnet-base-v2,0.7,1
Ceracis curtus,Ennearthron curtus,0.7137,synonym,sentence-transformers/all-mpnet-base-v2,0.7,1
Cis krausi,Attagenus elongatulus,0.1737,not synonym,sentence-transformers/all-mpnet-base-v2,0.7,0
Cybocephalus binotatus,Ennearthron unicolor,0.2069,not synonym,sentence-transformers/all-mpnet-base-v2,0.7,0
Orthocis transversatus,Ennearthron pallidus,0.5103,not synonym,sentence-transformers/all-mpnet-base-v2,0.7,1
Ceracis thoracicornis,Zherikhinia formosensis,0.3093,not synonym,sentence-transformers/all-mpnet-base-v2,0.7,0
Dolichocera tessellata,Ennearthron bicornis,0.3778,not synonym,sentence-transformers/all-mpnet-base-v2,0.7,0
Sulcacis curtulus,Octotemnus denudatus,0.4387,not synonym,sentence-transformers/all-mpnet-base-v2,0.7,0
Trachypachus zetterstedtii,Dieckmaniellus gracilis,0.3126,not synonym,sentence-transformers/all-mpnet-base-v2,0.7,0
Pacicephalus gressitti,Aethriostoma undulata,0.5026,not synonym,sentence-transformers/all-mpnet-base-v2,0.7,0
Thorictodes heydeni,Mylabris brevetarsalis,0.5492,not synonym,sentence-transformers/all-mpnet-base-v2,0.7,0
Dieckmanniellus chevrieri,Dieckmanniellus helveticus,0.8724,synonym,sentence-transformers/all-mpnet-base-v2,0.7,1
Theticephalus aurocupreus,Cis moznettei,0.1149,not synonym,sentence-transformers/all-mpnet-base-v2,0.7,0
Ceracis castaneipennis,Ceracis rufipes,0.7318,synonym,sentence-transformers/all-mpnet-base-v2,0.7,1
Strigocis opalescens,Xestocis opalescens,0.6571,not synonym,sentence-transformers/all-mpnet-base-v2,0.7,1
Heterocerus flindersi,Heterocerus caledoniae,0.8732,synonym,sentence-transformers/all-mpnet-base-v2,0.7,1
Ceracis monocerus,Ceracis unicorne,0.7157,synonym,sentence-transformers/all-mpnet-base-v2,0.7,1
Ceracis singularis,Sympaector revocanus,0.4737,not synonym,sentence-transformers/all-mpnet-base-v2,0.7,0
Ceracis californicus,Ceracis convergens,0.5586,not synonym,sentence-transformers/all-mpnet-base-v2,0.7,1
Zonitis chrysomeloides,Orphinus brevicornis,0.2143,not synonym,sentence-transformers/all-mpnet-base-v2,0.7,0
Xylographus corpulentus,Xylographus lemoulti,0.8385,synonym,sentence-transformers/all-mpnet-base-v2,0.7,1
Gyrinites minimus,Phaulogyrinus minimus,0.5301,not synonym,sentence-transformers/all-mpnet-base-v2,0.7,1
Cybocephalus politissimus,Cybocephalus flavocapitis,0.8399,synonym,sentence-transformers/all-mpnet-base-v2,0.7,1
Cis striatulus,Dolichocera schanus,0.3761,not synonym,sentence-transformers/all-mpnet-base-v2,0.7,0
Mycterus curculioides,Mycterus curculionides,0.9704,synonym,sentence-transformers/all-mpnet-base-v2,0.7,1
Ooides denudatus,Ceracis oblongus,0.5492,not synonym,sentence-transformers/all-mpnet-base-v2,0.7,0
Cybocephalus binotatus,Meloe cicatricosus,0.3627,not synonym,sentence-transformers/all-mpnet-base-v2,0.7,0
Pastillodes areolatus,Cybocephalus areolatus,0.5125,not synonym,sentence-transformers/all-mpnet-base-v2,0.7,1
Anthribus moussonii,Sulcacis montana,0.416,not synonym,sentence-transformers/all-mpnet-base-v2,0.7,0
Zonitis melanoptera,Zonitis nigripennis,0.6299,not synonym,sentence-transformers/all-mpnet-base-v2,0.7,1
Ceracis cornifer,Ennearthron cylindricum,0.4336,not synonym,sentence-transformers/all-mpnet-base-v2,0.7,1
Orphinus fulvipes,Cryptorhopalum brevicorne,0.3705,not synonym,sentence-transformers/all-mpnet-base-v2,0.7,1
Labrocerus vestitus,Strigocis fronticornis,0.4863,not synonym,sentence-transformers/all-mpnet-base-v2,0.7,0
Zherikhinia distylia,Nanophyes formosensis,0.3009,not synonym,sentence-transformers/all-mpnet-base-v2,0.7,1
Strigocis bicornis,Entypus affinis,0.4181,not synonym,sentence-transformers/all-mpnet-base-v2,0.7,0
Ceracis thoracicornis,Xestocis castlei,0.5549,not synonym,sentence-transformers/all-mpnet-base-v2,0.7,0
Ceracis thoracicornis,Xestocis maritimus,0.5632,not synonym,sentence-transformers/all-mpnet-base-v2,0.7,0
Cis tristis,Trachypachus californicus,0.4049,not synonym,sentence-transformers/all-mpnet-base-v2,0.7,0
Strongylites stygius,Strongulites stygicus,0.8415,synonym,sentence-transformers/all-mpnet-base-v2,0.7,1
Sulcacis nitidus,Micromalthus anansi,0.41,not synonym,sentence-transformers/all-mpnet-base-v2,0.7,0
Gyrinites minimus,Orthocis pallidus,0.3502,not synonym,sentence-transformers/all-mpnet-base-v2,0.7,0
Cybocephalus politissimus,Cybocephalus flavicapitus,0.8557,synonym,sentence-transformers/all-mpnet-base-v2,0.7,1
Strigocis opalescens,Telephorus guerinii,0.4994,not synonym,sentence-transformers/all-mpnet-base-v2,0.7,0
Zherikhinia distylia,Zherikhinia formosensis,0.7634,synonym,sentence-transformers/all-mpnet-base-v2,0.7,1
Ceracis thoracicornis,Ennearthron unicolor,0.3412,not synonym,sentence-transformers/all-mpnet-base-v2,0.7,1
Phradonoma tricolor,Trogoderma tricolor,0.7254,synonym,sentence-transformers/all-mpnet-base-v2,0.7,1
Malacocis brevicollis,Heterocerus pulchellus,0.4881,not synonym,sentence-transformers/all-mpnet-base-v2,0.7,0
Meloe rugosus,Meloe autumnalis,0.7619,synonym,sentence-transformers/all-mpnet-base-v2,0.7,1
Sulcacis nitidus,Exillis aeroginosus,0.4653,not synonym,sentence-transformers/all-mpnet-base-v2,0.7,0
Attagenus unicolor,Waitomophylax worthyi,0.4167,not synonym,sentence-transformers/all-mpnet-base-v2,0.7,0
Cis krausi,Cis bimaculatus,0.4722,not synonym,sentence-transformers/all-mpnet-base-v2,0.7,1
Systolosoma breve,Brachypterus sublucidus,0.2888,not synonym,sentence-transformers/all-mpnet-base-v2,0.7,0
Orthocis transversatus,Nanophyes hemisphaericus,0.3355,not synonym,sentence-transformers/all-mpnet-base-v2,0.7,0
Idiomerus longicornis,Necromera longicornis,0.5884,not synonym,sentence-transformers/all-mpnet-base-v2,0.7,1
Idiomerus latissimus,Pseudothaumaglossa anthrenoides,0.4064,not synonym,sentence-transformers/all-mpnet-base-v2,0.7,0
Attagenus fasciatus,Ennearthron compactus,0.3478,not synonym,sentence-transformers/all-mpnet-base-v2,0.7,0
Ceracis monocerus,Plesiocis spenceri,0.536,not synonym,sentence-transformers/all-mpnet-base-v2,0.7,0
Cis krausi,Ceracis piceus,0.2966,not synonym,sentence-transformers/all-mpnet-base-v2,0.7,0
Rhopalodontus perforatus,Ropalodontus perforatus,0.8261,synonym,sentence-transformers/all-mpnet-base-v2,0.7,1
Ceracis californicus,Ceracis coloradensis,0.831,synonym,sentence-transformers/all-mpnet-base-v2,0.7,1
Bothrus taiwanus,Ceracis cylindricus,0.5252,not synonym,sentence-transformers/all-mpnet-base-v2,0.7,0
Theticephalus mesopotamicus,Ennearthron laminifrons,0.2364,not synonym,sentence-transformers/all-mpnet-base-v2,0.7,0
Theticephalus aurocupreus,Cybocephalus aurocupreus,0.6537,not synonym,sentence-transformers/all-mpnet-base-v2,0.7,1
Anthribus nebulosus,Ceracis rufipes,0.4023,not synonym,sentence-transformers/all-mpnet-base-v2,0.7,0
Orthocis transversatus,Ennearthron transversatus,0.6289,not synonym,sentence-transformers/all-mpnet-base-v2,0.7,1
Attagenus australis,Trinodes australis,0.5505,not synonym,sentence-transformers/all-mpnet-base-v2,0.7,1
Cis levettei,Globicornis alpina,0.2421,not synonym,sentence-transformers/all-mpnet-base-v2,0.7,0
Ooides denudatus,Pityocis coarctata,0.4981,not synonym,sentence-transformers/all-mpnet-base-v2,0.7,0
Strigocis opalescens,Xestocis davisi,0.5804,not synonym,sentence-transformers/all-mpnet-base-v2,0.7,1
Trachypachus gibbsii,Mycterus depressus,0.4338,not synonym,sentence-transformers/all-mpnet-base-v2,0.7,0
Ceracis californicus,Ceracis discolor,0.524,not synonym,sentence-transformers/all-mpnet-base-v2,0.7,1
Dolichocera schanus,Physopterus taiwanus,0.4857,not synonym,sentence-transformers/all-mpnet-base-v2,0.7,0
Kantohia taiwana,Cis criddlei,0.1752,not synonym,sentence-transformers/all-mpnet-base-v2,0.7,0
Ademosynoides asiatica,Ceracis unicornis,0.3648,not synonym,sentence-transformers/all-mpnet-base-v2,0.7,0
Ceracis thoracicornis,Meloe murinus,0.3938,not synonym,sentence-transformers/all-mpnet-base-v2,0.7,0
Ceracis californicus,Orphinus brevicorne,0.5275,not synonym,sentence-transformers/all-mpnet-base-v2,0.7,0
Idiomerus brevicornis,Necromera brevicornis,0.6009,not synonym,sentence-transformers/all-mpnet-base-v2,0.7,1
Systolosoma breve,Notioxenus bilunulatus,0.3032,not synonym,sentence-transformers/all-mpnet-base-v2,0.7,1
Sulcacis curtulus,Notioxenus bilunulatus,0.4811,not synonym,sentence-transformers/all-mpnet-base-v2,0.7,0
Meloe cicatricosus,Meloe punctatoradiatus,0.892,synonym,sentence-transformers/all-mpnet-base-v2,0.7,1
Pacicephalus gressitti,Hadraule striata,0.3107,not synonym,sentence-transformers/all-mpnet-base-v2,0.7,0
Protaedus robusticornis,Pycnocephalus argentinus,0.5257,not synonym,sentence-transformers/all-mpnet-base-v2,0.7,0
Ceracis furcifer,Ennearthron furcifer,0.5911,not synonym,sentence-transformers/all-mpnet-base-v2,0.7,1
Dieckmanniellus chevrieri,Ceracis oregonus,0.4749,not synonym,sentence-transformers/all-mpnet-base-v2,0.7,0
Anthribus nebulosus,Anthribus minimus,0.7646,synonym,sentence-transformers/all-mpnet-base-v2,0.7,1
Labrocerus vestitus,Labrocerus flavicornis,0.7053,synonym,sentence-transformers/all-mpnet-base-v2,0.7,1
Eurymeloe scabriusculus,Meloe scabriusculus,0.6947,not synonym,sentence-transformers/all-mpnet-base-v2,0.7,1
Epicerastes exstans,Epicerastes extans,0.9625,synonym,sentence-transformers/all-mpnet-base-v2,0.7,1
Dieckmanniellus gracilis,Dieckmaniellus gracilis,0.9072,synonym,sentence-transformers/all-mpnet-base-v2,0.7,1
Orthocis testaceofasciatus,Wagaicis wagai,0.2309,not synonym,sentence-transformers/all-mpnet-base-v2,0.7,0
Ademosynoides asiatica,Petrodromeus asiaticus,0.6084,not synonym,sentence-transformers/all-mpnet-base-v2,0.7,1
